sensor_id,timestamp,traffic_volume,average_speed,congestion_level,sensor_type,human_timestamp
40,2025-03-15T11:59:50.633831Z,249,58.8,low,radar_detector,2025-03-15T11:59:50.633831Z
134,2025-03-15T11:59:50.709726Z,853,28.1,moderate,radar_detector,2025-03-15T11:59:50.709726Z
37,2025-03-15T11:59:50.763706Z,71,43.7,low,radar_detector,2025-03-15T11:59:50.763706Z
135,2025-03-15T11:59:50.817087Z,124,16.3,high,bluetooth_beacon,2025-03-15T11:59:50.817087Z
73,2025-03-15T11:59:50.873075Z,29,51.5,low,radar_detector,2025-03-15T11:59:50.873075Z
52,2025-03-15T11:59:50.928976Z,423,66.2,low,camera_vision,2025-03-15T11:59:50.928976Z
76,2025-03-15T11:59:50.986934Z,29,53.6,moderate,infrared_sensor,2025-03-15T11:59:50.986934Z
61,2025-03-15T11:59:51.043398Z,244,65.6,low,bluetooth_beacon,2025-03-15T11:59:51.043398Z
133,2025-03-15T11:59:51.099318Z,364,22.5,moderate,camera_vision,2025-03-15T11:59:51.099318Z
27,2025-03-15T11:59:51.155858Z,367,18.9,moderate,camera_vision,2025-03-15T11:59:51.155858Z
18,2025-03-15T11:59:51.211055Z,559,52.4,low,infrared_sensor,2025-03-15T11:59:51.211055Z
142,2025-03-15T11:59:51.26738Z,795,27.5,moderate,bluetooth_beacon,2025-03-15T11:59:51.26738Z
44,2025-03-15T11:59:51.328612Z,57,53.2,low,infrared_sensor,2025-03-15T11:59:51.328612Z
148,2025-03-15T11:59:51.38623Z,517,62.9,low,bluetooth_beacon,2025-03-15T11:59:51.38623Z
82,2025-03-15T11:59:51.444925Z,78,53.2,low,camera_vision,2025-03-15T11:59:51.444925Z
33,2025-03-15T11:59:51.502818Z,453,6.6,high,camera_vision,2025-03-15T11:59:51.502818Z
25,2025-03-15T11:59:51.564116Z,37,41.9,low,infrared_sensor,2025-03-15T11:59:51.564116Z
117,2025-03-15T11:59:51.623667Z,236,32.0,moderate,loop_detector,2025-03-15T11:59:51.623667Z
113,2025-03-15T11:59:51.687311Z,580,36.1,moderate,bluetooth_beacon,2025-03-15T11:59:51.687311Z
134,2025-03-15T11:59:51.744869Z,466,51.1,moderate,radar_detector,2025-03-15T11:59:51.744869Z
30,2025-03-15T11:59:51.800825Z,354,12.8,high,radar_detector,2025-03-15T11:59:51.800825Z
153,2025-03-15T11:59:51.857495Z,146,13.8,high,radar_detector,2025-03-15T11:59:51.857495Z
105,2025-03-15T11:59:51.913929Z,553,14.2,high,loop_detector,2025-03-15T11:59:51.913929Z
121,2025-03-15T11:59:51.975974Z,522,47.4,moderate,camera_vision,2025-03-15T11:59:51.975974Z
18,2025-03-15T11:59:52.032747Z,530,48.2,moderate,infrared_sensor,2025-03-15T11:59:52.032747Z
30,2025-03-15T11:59:52.089244Z,98,42.1,moderate,radar_detector,2025-03-15T11:59:52.089244Z
69,2025-03-15T11:59:52.147256Z,47,18.6,moderate,bluetooth_beacon,2025-03-15T11:59:52.147256Z
101,2025-03-15T11:59:52.204938Z,408,45.8,low,loop_detector,2025-03-15T11:59:52.204938Z
144,2025-03-15T11:59:52.263292Z,299,12.3,high,bluetooth_beacon,2025-03-15T11:59:52.263292Z
148,2025-03-15T11:59:52.321981Z,186,49.9,low,bluetooth_beacon,2025-03-15T11:59:52.321981Z
49,2025-03-15T11:59:52.38418Z,569,5.8,high,bluetooth_beacon,2025-03-15T11:59:52.38418Z
10,2025-03-15T11:59:52.446975Z,455,41.8,low,infrared_sensor,2025-03-15T11:59:52.446975Z
8,2025-03-15T11:59:52.505003Z,371,29.2,high,infrared_sensor,2025-03-15T11:59:52.505003Z
29,2025-03-15T11:59:52.56439Z,141,51.5,moderate,radar_detector,2025-03-15T11:59:52.56439Z
101,2025-03-15T11:59:52.622193Z,519,14.6,high,loop_detector,2025-03-15T11:59:52.622193Z
121,2025-03-15T11:59:52.677502Z,310,32.4,moderate,camera_vision,2025-03-15T11:59:52.677502Z
143,2025-03-15T11:59:52.73829Z,886,33.5,moderate,bluetooth_beacon,2025-03-15T11:59:52.73829Z
22,2025-03-15T11:59:52.796508Z,142,35.9,moderate,camera_vision,2025-03-15T11:59:52.796508Z
17,2025-03-15T11:59:52.85641Z,600,72.1,low,infrared_sensor,2025-03-15T11:59:52.85641Z
68,2025-03-15T11:59:52.913611Z,71,42.2,moderate,radar_detector,2025-03-15T11:59:52.913611Z
72,2025-03-15T11:59:52.972718Z,112,43.6,moderate,loop_detector,2025-03-15T11:59:52.972718Z
2,2025-03-15T11:59:53.031777Z,500,18.9,moderate,infrared_sensor,2025-03-15T11:59:53.031777Z
108,2025-03-15T11:59:53.085891Z,455,51.5,moderate,bluetooth_beacon,2025-03-15T11:59:53.085891Z
35,2025-03-15T11:59:53.141632Z,269,66.1,low,radar_detector,2025-03-15T11:59:53.141632Z
64,2025-03-15T11:59:53.197674Z,109,74.6,low,camera_vision,2025-03-15T11:59:53.197674Z
153,2025-03-15T11:59:53.253119Z,206,59.5,low,radar_detector,2025-03-15T11:59:53.253119Z
89,2025-03-15T11:59:53.30964Z,832,42.0,moderate,loop_detector,2025-03-15T11:59:53.30964Z
162,2025-03-15T11:59:53.365575Z,247,22.7,moderate,bluetooth_beacon,2025-03-15T11:59:53.365575Z
54,2025-03-15T11:59:53.421625Z,727,9.9,high,bluetooth_beacon,2025-03-15T11:59:53.421625Z
107,2025-03-15T11:59:53.478646Z,807,22.4,moderate,loop_detector,2025-03-15T11:59:53.478646Z
168,2025-03-15T11:59:53.537156Z,317,28.5,moderate,radar_detector,2025-03-15T11:59:53.537156Z
61,2025-03-15T11:59:53.594581Z,830,53.1,low,bluetooth_beacon,2025-03-15T11:59:53.594581Z
107,2025-03-15T11:59:53.65288Z,47,40.7,low,loop_detector,2025-03-15T11:59:53.65288Z
7,2025-03-15T11:59:53.708935Z,366,15.2,moderate,infrared_sensor,2025-03-15T11:59:53.708935Z
114,2025-03-15T11:59:53.76323Z,233,56.3,low,infrared_sensor,2025-03-15T11:59:53.76323Z
69,2025-03-15T11:59:53.822625Z,96,67.7,low,bluetooth_beacon,2025-03-15T11:59:53.822625Z
64,2025-03-15T11:59:53.880086Z,495,33.5,moderate,camera_vision,2025-03-15T11:59:53.880086Z
148,2025-03-15T11:59:53.936219Z,37,70.9,low,bluetooth_beacon,2025-03-15T11:59:53.936219Z
4,2025-03-15T11:59:53.993799Z,357,17.5,high,bluetooth_beacon,2025-03-15T11:59:53.993799Z
154,2025-03-15T11:59:54.05254Z,866,30.1,high,radar_detector,2025-03-15T11:59:54.05254Z
61,2025-03-15T11:59:54.110555Z,275,28.5,moderate,bluetooth_beacon,2025-03-15T11:59:54.110555Z
75,2025-03-15T11:59:54.169734Z,493,6.2,high,loop_detector,2025-03-15T11:59:54.169734Z
117,2025-03-15T11:59:54.224861Z,283,17.4,moderate,loop_detector,2025-03-15T11:59:54.224861Z
134,2025-03-15T11:59:54.281921Z,511,15.5,moderate,radar_detector,2025-03-15T11:59:54.281921Z
11,2025-03-15T11:59:54.340059Z,599,45.1,moderate,bluetooth_beacon,2025-03-15T11:59:54.340059Z
138,2025-03-15T11:59:54.396975Z,245,19.5,high,camera_vision,2025-03-15T11:59:54.396975Z
135,2025-03-15T11:59:54.453819Z,595,18.6,high,bluetooth_beacon,2025-03-15T11:59:54.453819Z
22,2025-03-15T11:59:54.510543Z,346,31.4,moderate,camera_vision,2025-03-15T11:59:54.510543Z
165,2025-03-15T11:59:54.573251Z,105,35.4,low,camera_vision,2025-03-15T11:59:54.573251Z
101,2025-03-15T11:59:54.630229Z,184,66.7,low,loop_detector,2025-03-15T11:59:54.630229Z
81,2025-03-15T11:59:54.688134Z,580,34.8,moderate,camera_vision,2025-03-15T11:59:54.688134Z
81,2025-03-15T11:59:54.752353Z,75,51.6,low,camera_vision,2025-03-15T11:59:54.752353Z
149,2025-03-15T11:59:54.810561Z,486,21.7,high,infrared_sensor,2025-03-15T11:59:54.810561Z
51,2025-03-15T11:59:54.867927Z,257,63.1,low,camera_vision,2025-03-15T11:59:54.867927Z
162,2025-03-15T11:59:54.930325Z,452,43.8,moderate,bluetooth_beacon,2025-03-15T11:59:54.930325Z
86,2025-03-15T11:59:54.989151Z,356,58.5,low,radar_detector,2025-03-15T11:59:54.989151Z
138,2025-03-15T11:59:55.047431Z,118,29.1,high,camera_vision,2025-03-15T11:59:55.047431Z
164,2025-03-15T11:59:55.104936Z,31,49.8,moderate,camera_vision,2025-03-15T11:59:55.104936Z
127,2025-03-15T11:59:55.165671Z,393,5.5,high,bluetooth_beacon,2025-03-15T11:59:55.165671Z
115,2025-03-15T11:59:55.220987Z,38,44.8,low,bluetooth_beacon,2025-03-15T11:59:55.220987Z
156,2025-03-15T11:59:55.282169Z,45,49.8,low,bluetooth_beacon,2025-03-15T11:59:55.282169Z
91,2025-03-15T11:59:55.340993Z,213,21.2,moderate,infrared_sensor,2025-03-15T11:59:55.340993Z
106,2025-03-15T11:59:55.409407Z,823,17.7,moderate,infrared_sensor,2025-03-15T11:59:55.409407Z
145,2025-03-15T11:59:55.465095Z,124,38.6,moderate,radar_detector,2025-03-15T11:59:55.465095Z
124,2025-03-15T11:59:55.52082Z,32,55.6,low,infrared_sensor,2025-03-15T11:59:55.52082Z
16,2025-03-15T11:59:55.577991Z,442,20.1,high,infrared_sensor,2025-03-15T11:59:55.577991Z
158,2025-03-15T11:59:55.632885Z,561,36.9,moderate,camera_vision,2025-03-15T11:59:55.632885Z
163,2025-03-15T11:59:55.687696Z,57,15.5,moderate,radar_detector,2025-03-15T11:59:55.687696Z
154,2025-03-15T11:59:55.748269Z,12,41.5,low,radar_detector,2025-03-15T11:59:55.748269Z
132,2025-03-15T11:59:55.803845Z,503,38.3,low,loop_detector,2025-03-15T11:59:55.803845Z
35,2025-03-15T11:59:55.860294Z,400,14.4,high,radar_detector,2025-03-15T11:59:55.860294Z
123,2025-03-15T11:59:55.916339Z,125,40.4,low,infrared_sensor,2025-03-15T11:59:55.916339Z
39,2025-03-15T11:59:55.972056Z,39,58.7,low,infrared_sensor,2025-03-15T11:59:55.972056Z
131,2025-03-15T11:59:56.027689Z,258,30.8,moderate,loop_detector,2025-03-15T11:59:56.027689Z
47,2025-03-15T11:59:56.08213Z,563,50.4,moderate,loop_detector,2025-03-15T11:59:56.08213Z
1,2025-03-15T11:59:56.138128Z,336,14.8,high,loop_detector,2025-03-15T11:59:56.138128Z
79,2025-03-15T11:59:56.195233Z,41,16.0,moderate,camera_vision,2025-03-15T11:59:56.195233Z
45,2025-03-15T11:59:56.253301Z,28,41.0,low,camera_vision,2025-03-15T11:59:56.253301Z
63,2025-03-15T11:59:56.312119Z,430,13.8,high,bluetooth_beacon,2025-03-15T11:59:56.312119Z
85,2025-03-15T11:59:56.37464Z,100,39.9,moderate,camera_vision,2025-03-15T11:59:56.37464Z
64,2025-03-15T11:59:56.431827Z,34,29.0,moderate,camera_vision,2025-03-15T11:59:56.431827Z
154,2025-03-15T11:59:56.48916Z,454,33.2,moderate,radar_detector,2025-03-15T11:59:56.48916Z
44,2025-03-15T11:59:56.547636Z,375,63.6,low,infrared_sensor,2025-03-15T11:59:56.547636Z
93,2025-03-15T11:59:56.604422Z,428,14.3,high,radar_detector,2025-03-15T11:59:56.604422Z
122,2025-03-15T11:59:56.659625Z,52,56.1,low,radar_detector,2025-03-15T11:59:56.659625Z
31,2025-03-15T11:59:56.717009Z,243,17.2,moderate,radar_detector,2025-03-15T11:59:56.717009Z
76,2025-03-15T11:59:56.779319Z,148,26.0,moderate,infrared_sensor,2025-03-15T11:59:56.779319Z
14,2025-03-15T11:59:56.836944Z,358,32.0,moderate,loop_detector,2025-03-15T11:59:56.836944Z
7,2025-03-15T11:59:56.893398Z,277,43.2,moderate,infrared_sensor,2025-03-15T11:59:56.893398Z
67,2025-03-15T11:59:56.951991Z,37,35.5,low,infrared_sensor,2025-03-15T11:59:56.951991Z
95,2025-03-15T11:59:57.009612Z,70,43.7,low,camera_vision,2025-03-15T11:59:57.009612Z
25,2025-03-15T11:59:57.067391Z,390,54.4,low,infrared_sensor,2025-03-15T11:59:57.067391Z
138,2025-03-15T11:59:57.126168Z,510,25.3,high,camera_vision,2025-03-15T11:59:57.126168Z
154,2025-03-15T11:59:57.185807Z,529,6.9,high,radar_detector,2025-03-15T11:59:57.185807Z
134,2025-03-15T11:59:57.242979Z,29,29.7,high,radar_detector,2025-03-15T11:59:57.242979Z
123,2025-03-15T11:59:57.300203Z,384,7.5,high,infrared_sensor,2025-03-15T11:59:57.300203Z
84,2025-03-15T11:59:57.359161Z,491,22.8,moderate,radar_detector,2025-03-15T11:59:57.359161Z
73,2025-03-15T11:59:57.415441Z,602,23.3,moderate,radar_detector,2025-03-15T11:59:57.415441Z
40,2025-03-15T11:59:57.476031Z,411,8.2,high,radar_detector,2025-03-15T11:59:57.476031Z
154,2025-03-15T11:59:57.532745Z,248,22.3,moderate,radar_detector,2025-03-15T11:59:57.532745Z
31,2025-03-15T11:59:57.591301Z,356,18.5,moderate,radar_detector,2025-03-15T11:59:57.591301Z
13,2025-03-15T11:59:57.649713Z,275,25.3,moderate,bluetooth_beacon,2025-03-15T11:59:57.649713Z
121,2025-03-15T11:59:57.707197Z,484,12.6,high,camera_vision,2025-03-15T11:59:57.707197Z
65,2025-03-15T11:59:57.764526Z,530,39.8,low,radar_detector,2025-03-15T11:59:57.764526Z
35,2025-03-15T11:59:57.82108Z,603,55.4,low,radar_detector,2025-03-15T11:59:57.82108Z
83,2025-03-15T11:59:57.880138Z,161,17.6,moderate,infrared_sensor,2025-03-15T11:59:57.880138Z
133,2025-03-15T11:59:57.943088Z,49,45.6,low,camera_vision,2025-03-15T11:59:57.943088Z
4,2025-03-15T11:59:57.99923Z,374,53.0,moderate,bluetooth_beacon,2025-03-15T11:59:57.99923Z
45,2025-03-15T11:59:58.057277Z,773,34.7,moderate,camera_vision,2025-03-15T11:59:58.057277Z
4,2025-03-15T11:59:58.112353Z,503,21.0,high,bluetooth_beacon,2025-03-15T11:59:58.112353Z
84,2025-03-15T11:59:58.169318Z,363,73.1,low,radar_detector,2025-03-15T11:59:58.169318Z
49,2025-03-15T11:59:58.226429Z,480,25.6,high,bluetooth_beacon,2025-03-15T11:59:58.226429Z
52,2025-03-15T11:59:58.283406Z,588,26.0,high,camera_vision,2025-03-15T11:59:58.283406Z
13,2025-03-15T11:59:58.339758Z,575,31.6,high,bluetooth_beacon,2025-03-15T11:59:58.339758Z
122,2025-03-15T11:59:58.398711Z,687,38.1,moderate,radar_detector,2025-03-15T11:59:58.398711Z
71,2025-03-15T11:59:58.45479Z,793,26.4,high,radar_detector,2025-03-15T11:59:58.45479Z
98,2025-03-15T11:59:58.512032Z,823,36.3,moderate,bluetooth_beacon,2025-03-15T11:59:58.512032Z
6,2025-03-15T11:59:58.569766Z,276,17.1,moderate,radar_detector,2025-03-15T11:59:58.569766Z
99,2025-03-15T11:59:58.628934Z,378,27.3,moderate,camera_vision,2025-03-15T11:59:58.628934Z
110,2025-03-15T11:59:58.688321Z,169,29.4,high,infrared_sensor,2025-03-15T11:59:58.688321Z
104,2025-03-15T11:59:58.74722Z,97,65.0,low,bluetooth_beacon,2025-03-15T11:59:58.74722Z
17,2025-03-15T11:59:58.804601Z,231,54.2,moderate,infrared_sensor,2025-03-15T11:59:58.804601Z
126,2025-03-15T11:59:58.86369Z,461,27.1,high,infrared_sensor,2025-03-15T11:59:58.86369Z
11,2025-03-15T11:59:58.925079Z,354,32.1,moderate,bluetooth_beacon,2025-03-15T11:59:58.925079Z
7,2025-03-15T11:59:58.983728Z,400,5.4,high,infrared_sensor,2025-03-15T11:59:58.983728Z
129,2025-03-15T11:59:59.039519Z,381,25.9,high,radar_detector,2025-03-15T11:59:59.039519Z
107,2025-03-15T11:59:59.093866Z,128,73.8,low,loop_detector,2025-03-15T11:59:59.093866Z
154,2025-03-15T11:59:59.147608Z,406,19.9,high,radar_detector,2025-03-15T11:59:59.147608Z
168,2025-03-15T11:59:59.201249Z,149,15.9,moderate,radar_detector,2025-03-15T11:59:59.201249Z
145,2025-03-15T11:59:59.25442Z,528,46.9,moderate,radar_detector,2025-03-15T11:59:59.25442Z
139,2025-03-15T11:59:59.307296Z,538,6.8,high,loop_detector,2025-03-15T11:59:59.307296Z
106,2025-03-15T11:59:59.360174Z,511,34.5,high,infrared_sensor,2025-03-15T11:59:59.360174Z
97,2025-03-15T11:59:59.415003Z,736,13.8,high,radar_detector,2025-03-15T11:59:59.415003Z
3,2025-03-15T11:59:59.470005Z,26,44.6,moderate,loop_detector,2025-03-15T11:59:59.470005Z
155,2025-03-15T11:59:59.522871Z,425,8.4,high,bluetooth_beacon,2025-03-15T11:59:59.522871Z
100,2025-03-15T11:59:59.575827Z,97,69.7,low,radar_detector,2025-03-15T11:59:59.575827Z
104,2025-03-15T11:59:59.628766Z,330,41.7,moderate,bluetooth_beacon,2025-03-15T11:59:59.628766Z
168,2025-03-15T11:59:59.681808Z,892,30.0,high,radar_detector,2025-03-15T11:59:59.681808Z
44,2025-03-15T11:59:59.735908Z,396,36.5,moderate,infrared_sensor,2025-03-15T11:59:59.735908Z
98,2025-03-15T11:59:59.788647Z,63,26.4,moderate,bluetooth_beacon,2025-03-15T11:59:59.788647Z
153,2025-03-15T11:59:59.844682Z,19,17.3,moderate,radar_detector,2025-03-15T11:59:59.844682Z
76,2025-03-15T11:59:59.898288Z,585,16.9,moderate,infrared_sensor,2025-03-15T11:59:59.898288Z
44,2025-03-15T11:59:59.951783Z,442,49.5,low,infrared_sensor,2025-03-15T11:59:59.951783Z
77,2025-03-15T12:00:00.005009Z,318,47.7,moderate,loop_detector,2025-03-15T12:00:00.005009Z
164,2025-03-15T12:00:00.058485Z,99,27.8,moderate,camera_vision,2025-03-15T12:00:00.058485Z
59,2025-03-15T12:00:00.111603Z,497,31.0,moderate,camera_vision,2025-03-15T12:00:00.111603Z
91,2025-03-15T12:00:00.164729Z,379,19.1,moderate,infrared_sensor,2025-03-15T12:00:00.164729Z
120,2025-03-15T12:00:00.217796Z,769,9.9,high,radar_detector,2025-03-15T12:00:00.217796Z
115,2025-03-15T12:00:00.270883Z,42,24.2,moderate,bluetooth_beacon,2025-03-15T12:00:00.270883Z
47,2025-03-15T12:00:00.32387Z,200,44.1,low,loop_detector,2025-03-15T12:00:00.32387Z
16,2025-03-15T12:00:00.377007Z,108,9.9,high,infrared_sensor,2025-03-15T12:00:00.377007Z
114,2025-03-15T12:00:00.43001Z,467,32.2,high,infrared_sensor,2025-03-15T12:00:00.43001Z
148,2025-03-15T12:00:00.483116Z,89,50.3,moderate,bluetooth_beacon,2025-03-15T12:00:00.483116Z
37,2025-03-15T12:00:00.536269Z,215,60.5,low,radar_detector,2025-03-15T12:00:00.536269Z
43,2025-03-15T12:00:00.589366Z,107,25.9,high,bluetooth_beacon,2025-03-15T12:00:00.589366Z
54,2025-03-15T12:00:00.647193Z,639,46.5,moderate,bluetooth_beacon,2025-03-15T12:00:00.647193Z
89,2025-03-15T12:00:00.700435Z,561,14.5,high,loop_detector,2025-03-15T12:00:00.700435Z
41,2025-03-15T12:00:00.75346Z,243,68.8,low,camera_vision,2025-03-15T12:00:00.75346Z
137,2025-03-15T12:00:00.806366Z,472,32.0,moderate,camera_vision,2025-03-15T12:00:00.806366Z
31,2025-03-15T12:00:00.85918Z,433,73.7,low,radar_detector,2025-03-15T12:00:00.85918Z
148,2025-03-15T12:00:00.91351Z,311,43.7,moderate,bluetooth_beacon,2025-03-15T12:00:00.91351Z
155,2025-03-15T12:00:00.966463Z,604,53.7,moderate,bluetooth_beacon,2025-03-15T12:00:00.966463Z
30,2025-03-15T12:00:01.019379Z,263,66.9,low,radar_detector,2025-03-15T12:00:01.019379Z
48,2025-03-15T12:00:01.072164Z,398,46.6,moderate,infrared_sensor,2025-03-15T12:00:01.072164Z
4,2025-03-15T12:00:01.125059Z,451,44.0,moderate,bluetooth_beacon,2025-03-15T12:00:01.125059Z
83,2025-03-15T12:00:01.178019Z,399,25.5,moderate,infrared_sensor,2025-03-15T12:00:01.178019Z
122,2025-03-15T12:00:01.230906Z,404,47.2,moderate,radar_detector,2025-03-15T12:00:01.230906Z
66,2025-03-15T12:00:01.286923Z,203,39.4,moderate,loop_detector,2025-03-15T12:00:01.286923Z
20,2025-03-15T12:00:01.342213Z,847,49.3,moderate,camera_vision,2025-03-15T12:00:01.342213Z
21,2025-03-15T12:00:01.396832Z,131,17.2,moderate,infrared_sensor,2025-03-15T12:00:01.396832Z
72,2025-03-15T12:00:01.450452Z,328,8.6,high,loop_detector,2025-03-15T12:00:01.450452Z
158,2025-03-15T12:00:01.506242Z,486,5.7,high,camera_vision,2025-03-15T12:00:01.506242Z
114,2025-03-15T12:00:01.563215Z,295,67.3,low,infrared_sensor,2025-03-15T12:00:01.563215Z
161,2025-03-15T12:00:01.620395Z,567,39.1,moderate,camera_vision,2025-03-15T12:00:01.620395Z
112,2025-03-15T12:00:01.678152Z,367,40.0,low,camera_vision,2025-03-15T12:00:01.678152Z
81,2025-03-15T12:00:01.732994Z,162,37.4,low,camera_vision,2025-03-15T12:00:01.732994Z
11,2025-03-15T12:00:01.791399Z,270,61.4,low,bluetooth_beacon,2025-03-15T12:00:01.791399Z
112,2025-03-15T12:00:01.846779Z,528,46.8,low,camera_vision,2025-03-15T12:00:01.846779Z
3,2025-03-15T12:00:01.899466Z,275,71.9,low,loop_detector,2025-03-15T12:00:01.899466Z
141,2025-03-15T12:00:01.952771Z,246,19.7,moderate,loop_detector,2025-03-15T12:00:01.952771Z
139,2025-03-15T12:00:02.009983Z,366,30.1,moderate,loop_detector,2025-03-15T12:00:02.009983Z
132,2025-03-15T12:00:02.067369Z,432,14.7,high,loop_detector,2025-03-15T12:00:02.067369Z
26,2025-03-15T12:00:02.124293Z,266,21.6,high,camera_vision,2025-03-15T12:00:02.124293Z
135,2025-03-15T12:00:02.179099Z,114,32.5,moderate,bluetooth_beacon,2025-03-15T12:00:02.179099Z
134,2025-03-15T12:00:02.233061Z,102,30.8,moderate,radar_detector,2025-03-15T12:00:02.233061Z
3,2025-03-15T12:00:02.286532Z,277,38.3,low,loop_detector,2025-03-15T12:00:02.286532Z
23,2025-03-15T12:00:02.341027Z,571,64.8,low,bluetooth_beacon,2025-03-15T12:00:02.341027Z
44,2025-03-15T12:00:02.39398Z,660,52.5,moderate,infrared_sensor,2025-03-15T12:00:02.39398Z
1,2025-03-15T12:00:02.447237Z,652,37.0,moderate,loop_detector,2025-03-15T12:00:02.447237Z
114,2025-03-15T12:00:02.500179Z,722,15.7,moderate,infrared_sensor,2025-03-15T12:00:02.500179Z
139,2025-03-15T12:00:02.553174Z,530,56.9,low,loop_detector,2025-03-15T12:00:02.553174Z
102,2025-03-15T12:00:02.606261Z,187,9.4,high,loop_detector,2025-03-15T12:00:02.606261Z
15,2025-03-15T12:00:02.660823Z,574,50.3,moderate,loop_detector,2025-03-15T12:00:02.660823Z
29,2025-03-15T12:00:02.713583Z,365,51.1,moderate,radar_detector,2025-03-15T12:00:02.713583Z
104,2025-03-15T12:00:02.767095Z,30,74.0,low,bluetooth_beacon,2025-03-15T12:00:02.767095Z
86,2025-03-15T12:00:02.820127Z,443,41.5,low,radar_detector,2025-03-15T12:00:02.820127Z
31,2025-03-15T12:00:02.873133Z,578,59.9,low,radar_detector,2025-03-15T12:00:02.873133Z
70,2025-03-15T12:00:02.926133Z,738,39.5,moderate,bluetooth_beacon,2025-03-15T12:00:02.926133Z
104,2025-03-15T12:00:02.97965Z,49,16.9,moderate,bluetooth_beacon,2025-03-15T12:00:02.97965Z
69,2025-03-15T12:00:03.032785Z,451,38.0,moderate,bluetooth_beacon,2025-03-15T12:00:03.032785Z
5,2025-03-15T12:00:03.085655Z,103,67.2,low,bluetooth_beacon,2025-03-15T12:00:03.085655Z
82,2025-03-15T12:00:03.138849Z,49,48.2,moderate,camera_vision,2025-03-15T12:00:03.138849Z
49,2025-03-15T12:00:03.191653Z,85,36.1,moderate,bluetooth_beacon,2025-03-15T12:00:03.191653Z
33,2025-03-15T12:00:03.244498Z,159,70.2,low,camera_vision,2025-03-15T12:00:03.244498Z
138,2025-03-15T12:00:03.297285Z,31,52.4,moderate,camera_vision,2025-03-15T12:00:03.297285Z
95,2025-03-15T12:00:03.353687Z,525,65.2,low,camera_vision,2025-03-15T12:00:03.353687Z
90,2025-03-15T12:00:03.40737Z,379,34.5,high,radar_detector,2025-03-15T12:00:03.40737Z
62,2025-03-15T12:00:03.460481Z,565,24.8,moderate,infrared_sensor,2025-03-15T12:00:03.460481Z
40,2025-03-15T12:00:03.51322Z,65,50.6,moderate,radar_detector,2025-03-15T12:00:03.51322Z
99,2025-03-15T12:00:03.566333Z,745,29.2,moderate,camera_vision,2025-03-15T12:00:03.566333Z
110,2025-03-15T12:00:03.619271Z,11,65.1,low,infrared_sensor,2025-03-15T12:00:03.619271Z
76,2025-03-15T12:00:03.672185Z,336,49.5,low,infrared_sensor,2025-03-15T12:00:03.672185Z
146,2025-03-15T12:00:03.725248Z,307,11.0,high,infrared_sensor,2025-03-15T12:00:03.725248Z
167,2025-03-15T12:00:03.778279Z,134,20.1,high,radar_detector,2025-03-15T12:00:03.778279Z
73,2025-03-15T12:00:03.831194Z,202,22.8,moderate,radar_detector,2025-03-15T12:00:03.831194Z
161,2025-03-15T12:00:03.886131Z,36,35.1,moderate,camera_vision,2025-03-15T12:00:03.886131Z
56,2025-03-15T12:00:03.941586Z,714,43.1,moderate,loop_detector,2025-03-15T12:00:03.941586Z
8,2025-03-15T12:00:03.99468Z,365,50.0,moderate,infrared_sensor,2025-03-15T12:00:03.99468Z
136,2025-03-15T12:00:04.047573Z,523,48.7,moderate,radar_detector,2025-03-15T12:00:04.047573Z
72,2025-03-15T12:00:04.100754Z,27,53.7,low,loop_detector,2025-03-15T12:00:04.100754Z
37,2025-03-15T12:00:04.153584Z,207,36.3,moderate,radar_detector,2025-03-15T12:00:04.153584Z
124,2025-03-15T12:00:04.209819Z,421,37.5,moderate,infrared_sensor,2025-03-15T12:00:04.209819Z
98,2025-03-15T12:00:04.262699Z,579,18.0,moderate,bluetooth_beacon,2025-03-15T12:00:04.262699Z
138,2025-03-15T12:00:04.315555Z,680,46.2,moderate,camera_vision,2025-03-15T12:00:04.315555Z
72,2025-03-15T12:00:04.368804Z,91,36.7,low,loop_detector,2025-03-15T12:00:04.368804Z
161,2025-03-15T12:00:04.424863Z,182,30.6,moderate,camera_vision,2025-03-15T12:00:04.424863Z
68,2025-03-15T12:00:04.478102Z,517,44.2,moderate,radar_detector,2025-03-15T12:00:04.478102Z
87,2025-03-15T12:00:04.530991Z,88,37.7,moderate,bluetooth_beacon,2025-03-15T12:00:04.530991Z
17,2025-03-15T12:00:04.583814Z,132,29.0,moderate,infrared_sensor,2025-03-15T12:00:04.583814Z
49,2025-03-15T12:00:04.636987Z,550,47.3,low,bluetooth_beacon,2025-03-15T12:00:04.636987Z
79,2025-03-15T12:00:04.689891Z,468,24.9,moderate,camera_vision,2025-03-15T12:00:04.689891Z
105,2025-03-15T12:00:04.74282Z,410,17.6,moderate,loop_detector,2025-03-15T12:00:04.74282Z
57,2025-03-15T12:00:04.795874Z,716,13.2,high,loop_detector,2025-03-15T12:00:04.795874Z
168,2025-03-15T12:00:04.848895Z,65,47.3,low,radar_detector,2025-03-15T12:00:04.848895Z
56,2025-03-15T12:00:04.901839Z,410,45.8,moderate,loop_detector,2025-03-15T12:00:04.901839Z
66,2025-03-15T12:00:04.955028Z,351,50.6,low,loop_detector,2025-03-15T12:00:04.955028Z
5,2025-03-15T12:00:05.008279Z,44,25.4,moderate,bluetooth_beacon,2025-03-15T12:00:05.008279Z
87,2025-03-15T12:00:05.061436Z,340,13.2,high,bluetooth_beacon,2025-03-15T12:00:05.061436Z
39,2025-03-15T12:00:05.116078Z,568,23.7,high,infrared_sensor,2025-03-15T12:00:05.116078Z
87,2025-03-15T12:00:05.16894Z,102,36.1,low,bluetooth_beacon,2025-03-15T12:00:05.16894Z
133,2025-03-15T12:00:05.221885Z,864,47.1,low,camera_vision,2025-03-15T12:00:05.221885Z
158,2025-03-15T12:00:05.274859Z,327,42.3,low,camera_vision,2025-03-15T12:00:05.274859Z
77,2025-03-15T12:00:05.327754Z,883,32.4,moderate,loop_detector,2025-03-15T12:00:05.327754Z
88,2025-03-15T12:00:05.380672Z,776,38.7,low,loop_detector,2025-03-15T12:00:05.380672Z
63,2025-03-15T12:00:05.433515Z,102,71.9,low,bluetooth_beacon,2025-03-15T12:00:05.433515Z
29,2025-03-15T12:00:05.48638Z,373,42.7,moderate,radar_detector,2025-03-15T12:00:05.48638Z
45,2025-03-15T12:00:05.539266Z,560,25.5,high,camera_vision,2025-03-15T12:00:05.539266Z
132,2025-03-15T12:00:05.595959Z,566,48.5,moderate,loop_detector,2025-03-15T12:00:05.595959Z
27,2025-03-15T12:00:05.64895Z,454,30.0,high,camera_vision,2025-03-15T12:00:05.64895Z
80,2025-03-15T12:00:05.702049Z,335,47.9,low,loop_detector,2025-03-15T12:00:05.702049Z
23,2025-03-15T12:00:05.756567Z,347,37.2,moderate,bluetooth_beacon,2025-03-15T12:00:05.756567Z
29,2025-03-15T12:00:05.809618Z,161,40.2,moderate,radar_detector,2025-03-15T12:00:05.809618Z
84,2025-03-15T12:00:05.862338Z,18,32.7,high,radar_detector,2025-03-15T12:00:05.862338Z
36,2025-03-15T12:00:05.915175Z,436,61.9,low,infrared_sensor,2025-03-15T12:00:05.915175Z
75,2025-03-15T12:00:05.974164Z,497,28.7,moderate,loop_detector,2025-03-15T12:00:05.974164Z
96,2025-03-15T12:00:06.028475Z,107,40.7,moderate,loop_detector,2025-03-15T12:00:06.028475Z
141,2025-03-15T12:00:06.082134Z,298,24.0,high,loop_detector,2025-03-15T12:00:06.082134Z
77,2025-03-15T12:00:06.135391Z,390,32.9,high,loop_detector,2025-03-15T12:00:06.135391Z
8,2025-03-15T12:00:06.188481Z,460,37.9,low,infrared_sensor,2025-03-15T12:00:06.188481Z
130,2025-03-15T12:00:06.241455Z,423,60.5,low,infrared_sensor,2025-03-15T12:00:06.241455Z
18,2025-03-15T12:00:06.294285Z,542,56.0,low,infrared_sensor,2025-03-15T12:00:06.294285Z
41,2025-03-15T12:00:06.347572Z,106,13.3,high,camera_vision,2025-03-15T12:00:06.347572Z
151,2025-03-15T12:00:06.401019Z,58,23.4,moderate,loop_detector,2025-03-15T12:00:06.401019Z
96,2025-03-15T12:00:06.454157Z,559,28.8,high,loop_detector,2025-03-15T12:00:06.454157Z
12,2025-03-15T12:00:06.507183Z,672,44.8,moderate,loop_detector,2025-03-15T12:00:06.507183Z
91,2025-03-15T12:00:06.560202Z,410,41.6,moderate,infrared_sensor,2025-03-15T12:00:06.560202Z
49,2025-03-15T12:00:06.613138Z,62,38.9,moderate,bluetooth_beacon,2025-03-15T12:00:06.613138Z
77,2025-03-15T12:00:06.666267Z,379,5.1,high,loop_detector,2025-03-15T12:00:06.666267Z
47,2025-03-15T12:00:06.719552Z,515,9.0,high,loop_detector,2025-03-15T12:00:06.719552Z
159,2025-03-15T12:00:06.774102Z,526,9.0,high,infrared_sensor,2025-03-15T12:00:06.774102Z
40,2025-03-15T12:00:06.82922Z,544,19.1,high,radar_detector,2025-03-15T12:00:06.82922Z
39,2025-03-15T12:00:06.882323Z,774,73.9,low,infrared_sensor,2025-03-15T12:00:06.882323Z
61,2025-03-15T12:00:06.936232Z,216,43.6,moderate,bluetooth_beacon,2025-03-15T12:00:06.936232Z
169,2025-03-15T12:00:06.989285Z,583,45.5,moderate,loop_detector,2025-03-15T12:00:06.989285Z
147,2025-03-15T12:00:07.043065Z,89,52.6,moderate,infrared_sensor,2025-03-15T12:00:07.043065Z
11,2025-03-15T12:00:07.096679Z,719,15.5,high,bluetooth_beacon,2025-03-15T12:00:07.096679Z
1,2025-03-15T12:00:07.149565Z,139,37.1,low,loop_detector,2025-03-15T12:00:07.149565Z
156,2025-03-15T12:00:07.202546Z,313,13.5,high,bluetooth_beacon,2025-03-15T12:00:07.202546Z
84,2025-03-15T12:00:07.256004Z,526,23.6,high,radar_detector,2025-03-15T12:00:07.256004Z
70,2025-03-15T12:00:07.308776Z,392,69.6,low,bluetooth_beacon,2025-03-15T12:00:07.308776Z
85,2025-03-15T12:00:07.361713Z,61,34.8,moderate,camera_vision,2025-03-15T12:00:07.361713Z
142,2025-03-15T12:00:07.414412Z,299,45.7,moderate,bluetooth_beacon,2025-03-15T12:00:07.414412Z
104,2025-03-15T12:00:07.467315Z,445,34.6,moderate,bluetooth_beacon,2025-03-15T12:00:07.467315Z
51,2025-03-15T12:00:07.52187Z,215,11.0,high,camera_vision,2025-03-15T12:00:07.52187Z
99,2025-03-15T12:00:07.575265Z,166,35.4,moderate,camera_vision,2025-03-15T12:00:07.575265Z
91,2025-03-15T12:00:07.628784Z,91,30.5,moderate,infrared_sensor,2025-03-15T12:00:07.628784Z
35,2025-03-15T12:00:07.681916Z,569,7.0,high,radar_detector,2025-03-15T12:00:07.681916Z
62,2025-03-15T12:00:07.73801Z,156,46.8,moderate,infrared_sensor,2025-03-15T12:00:07.73801Z
124,2025-03-15T12:00:07.791288Z,260,51.3,low,infrared_sensor,2025-03-15T12:00:07.791288Z
168,2025-03-15T12:00:07.844336Z,171,52.0,moderate,radar_detector,2025-03-15T12:00:07.844336Z
168,2025-03-15T12:00:07.897487Z,765,60.5,low,radar_detector,2025-03-15T12:00:07.897487Z
22,2025-03-15T12:00:07.950674Z,298,12.0,high,camera_vision,2025-03-15T12:00:07.950674Z
131,2025-03-15T12:00:08.003895Z,503,53.2,moderate,loop_detector,2025-03-15T12:00:08.003895Z
30,2025-03-15T12:00:08.057286Z,17,60.3,low,radar_detector,2025-03-15T12:00:08.057286Z
102,2025-03-15T12:00:08.110854Z,396,28.9,moderate,loop_detector,2025-03-15T12:00:08.110854Z
139,2025-03-15T12:00:08.163956Z,189,15.3,moderate,loop_detector,2025-03-15T12:00:08.163956Z
28,2025-03-15T12:00:08.217652Z,507,29.6,high,camera_vision,2025-03-15T12:00:08.217652Z
102,2025-03-15T12:00:08.273715Z,540,47.0,moderate,loop_detector,2025-03-15T12:00:08.273715Z
10,2025-03-15T12:00:08.328422Z,395,38.1,moderate,infrared_sensor,2025-03-15T12:00:08.328422Z
168,2025-03-15T12:00:08.38183Z,167,55.2,low,radar_detector,2025-03-15T12:00:08.38183Z
10,2025-03-15T12:00:08.436164Z,203,39.2,moderate,infrared_sensor,2025-03-15T12:00:08.436164Z
77,2025-03-15T12:00:08.489367Z,125,31.8,moderate,loop_detector,2025-03-15T12:00:08.489367Z
141,2025-03-15T12:00:08.542577Z,498,29.1,high,loop_detector,2025-03-15T12:00:08.542577Z
11,2025-03-15T12:00:08.595752Z,235,11.4,high,bluetooth_beacon,2025-03-15T12:00:08.595752Z
76,2025-03-15T12:00:08.649111Z,547,39.4,moderate,infrared_sensor,2025-03-15T12:00:08.649111Z
123,2025-03-15T12:00:08.702446Z,97,25.9,moderate,infrared_sensor,2025-03-15T12:00:08.702446Z
83,2025-03-15T12:00:08.755786Z,214,49.9,moderate,infrared_sensor,2025-03-15T12:00:08.755786Z
35,2025-03-15T12:00:08.808948Z,77,38.4,low,radar_detector,2025-03-15T12:00:08.808948Z
68,2025-03-15T12:00:08.86211Z,435,67.5,low,radar_detector,2025-03-15T12:00:08.86211Z
11,2025-03-15T12:00:08.915738Z,230,6.5,high,bluetooth_beacon,2025-03-15T12:00:08.915738Z
116,2025-03-15T12:00:08.9696Z,574,51.9,low,camera_vision,2025-03-15T12:00:08.9696Z
3,2025-03-15T12:00:09.023349Z,325,36.0,moderate,loop_detector,2025-03-15T12:00:09.023349Z
54,2025-03-15T12:00:09.076274Z,129,28.7,moderate,bluetooth_beacon,2025-03-15T12:00:09.076274Z
147,2025-03-15T12:00:09.129247Z,562,66.2,low,infrared_sensor,2025-03-15T12:00:09.129247Z
134,2025-03-15T12:00:09.184134Z,230,49.5,moderate,radar_detector,2025-03-15T12:00:09.184134Z
12,2025-03-15T12:00:09.23729Z,318,42.9,moderate,loop_detector,2025-03-15T12:00:09.23729Z
33,2025-03-15T12:00:09.290729Z,363,41.3,low,camera_vision,2025-03-15T12:00:09.290729Z
22,2025-03-15T12:00:09.34409Z,166,22.7,high,camera_vision,2025-03-15T12:00:09.34409Z
95,2025-03-15T12:00:09.397711Z,365,50.4,moderate,camera_vision,2025-03-15T12:00:09.397711Z
150,2025-03-15T12:00:09.451153Z,374,58.6,low,bluetooth_beacon,2025-03-15T12:00:09.451153Z
101,2025-03-15T12:00:09.504426Z,585,34.7,high,loop_detector,2025-03-15T12:00:09.504426Z
106,2025-03-15T12:00:09.557647Z,57,45.6,moderate,infrared_sensor,2025-03-15T12:00:09.557647Z
10,2025-03-15T12:00:09.61222Z,569,62.5,low,infrared_sensor,2025-03-15T12:00:09.61222Z
48,2025-03-15T12:00:09.668697Z,373,40.2,low,infrared_sensor,2025-03-15T12:00:09.668697Z
167,2025-03-15T12:00:09.725391Z,101,22.4,moderate,radar_detector,2025-03-15T12:00:09.725391Z
139,2025-03-15T12:00:09.780747Z,254,12.1,high,loop_detector,2025-03-15T12:00:09.780747Z
93,2025-03-15T12:00:09.838729Z,555,24.8,high,radar_detector,2025-03-15T12:00:09.838729Z
73,2025-03-15T12:00:09.896323Z,269,68.4,low,radar_detector,2025-03-15T12:00:09.896323Z
105,2025-03-15T12:00:09.953183Z,479,47.4,low,loop_detector,2025-03-15T12:00:09.953183Z
144,2025-03-15T12:00:10.006879Z,618,13.5,high,bluetooth_beacon,2025-03-15T12:00:10.006879Z
150,2025-03-15T12:00:10.059948Z,464,22.0,moderate,bluetooth_beacon,2025-03-15T12:00:10.059948Z
170,2025-03-15T12:00:10.11284Z,570,34.9,moderate,loop_detector,2025-03-15T12:00:10.11284Z
167,2025-03-15T12:00:10.165861Z,113,13.1,high,radar_detector,2025-03-15T12:00:10.165861Z
135,2025-03-15T12:00:10.218787Z,808,26.2,moderate,bluetooth_beacon,2025-03-15T12:00:10.218787Z
130,2025-03-15T12:00:10.271745Z,398,25.2,high,infrared_sensor,2025-03-15T12:00:10.271745Z
167,2025-03-15T12:00:10.324844Z,212,26.4,moderate,radar_detector,2025-03-15T12:00:10.324844Z
169,2025-03-15T12:00:10.378128Z,645,36.5,low,loop_detector,2025-03-15T12:00:10.378128Z
150,2025-03-15T12:00:10.431514Z,823,26.9,high,bluetooth_beacon,2025-03-15T12:00:10.431514Z
159,2025-03-15T12:00:10.486153Z,100,34.5,moderate,infrared_sensor,2025-03-15T12:00:10.486153Z
48,2025-03-15T12:00:10.539076Z,426,63.2,low,infrared_sensor,2025-03-15T12:00:10.539076Z
138,2025-03-15T12:00:10.592203Z,199,60.7,low,camera_vision,2025-03-15T12:00:10.592203Z
56,2025-03-15T12:00:10.645149Z,568,28.2,high,loop_detector,2025-03-15T12:00:10.645149Z
152,2025-03-15T12:00:10.69864Z,332,37.5,moderate,infrared_sensor,2025-03-15T12:00:10.69864Z
52,2025-03-15T12:00:10.751832Z,432,40.1,low,camera_vision,2025-03-15T12:00:10.751832Z
26,2025-03-15T12:00:10.804875Z,421,72.0,low,camera_vision,2025-03-15T12:00:10.804875Z
6,2025-03-15T12:00:10.858132Z,553,32.4,high,radar_detector,2025-03-15T12:00:10.858132Z
98,2025-03-15T12:00:10.912562Z,432,26.0,moderate,bluetooth_beacon,2025-03-15T12:00:10.912562Z
151,2025-03-15T12:00:10.967407Z,138,5.8,high,loop_detector,2025-03-15T12:00:10.967407Z
13,2025-03-15T12:00:11.021687Z,514,21.5,high,bluetooth_beacon,2025-03-15T12:00:11.021687Z
92,2025-03-15T12:00:11.076657Z,140,26.1,moderate,infrared_sensor,2025-03-15T12:00:11.076657Z
106,2025-03-15T12:00:11.130121Z,655,64.3,low,infrared_sensor,2025-03-15T12:00:11.130121Z
62,2025-03-15T12:00:11.183048Z,352,32.5,moderate,infrared_sensor,2025-03-15T12:00:11.183048Z
58,2025-03-15T12:00:11.237224Z,325,47.7,moderate,loop_detector,2025-03-15T12:00:11.237224Z
62,2025-03-15T12:00:11.293566Z,306,12.9,high,infrared_sensor,2025-03-15T12:00:11.293566Z
126,2025-03-15T12:00:11.349202Z,509,11.9,high,infrared_sensor,2025-03-15T12:00:11.349202Z
122,2025-03-15T12:00:11.402488Z,428,5.2,high,radar_detector,2025-03-15T12:00:11.402488Z
17,2025-03-15T12:00:11.458877Z,851,16.7,high,infrared_sensor,2025-03-15T12:00:11.458877Z
51,2025-03-15T12:00:11.512254Z,790,8.4,high,camera_vision,2025-03-15T12:00:11.512254Z
156,2025-03-15T12:00:11.566169Z,114,41.9,moderate,bluetooth_beacon,2025-03-15T12:00:11.566169Z
89,2025-03-15T12:00:11.633115Z,477,46.0,moderate,loop_detector,2025-03-15T12:00:11.633115Z
10,2025-03-15T12:00:11.691507Z,217,41.5,moderate,infrared_sensor,2025-03-15T12:00:11.691507Z
123,2025-03-15T12:00:11.757053Z,596,35.7,moderate,infrared_sensor,2025-03-15T12:00:11.757053Z
125,2025-03-15T12:00:11.812794Z,382,42.6,low,loop_detector,2025-03-15T12:00:11.812794Z
24,2025-03-15T12:00:11.866602Z,22,28.7,moderate,infrared_sensor,2025-03-15T12:00:11.866602Z
97,2025-03-15T12:00:11.919356Z,299,40.4,low,radar_detector,2025-03-15T12:00:11.919356Z
89,2025-03-15T12:00:11.973972Z,55,57.0,low,loop_detector,2025-03-15T12:00:11.973972Z
164,2025-03-15T12:00:12.027659Z,430,44.8,low,camera_vision,2025-03-15T12:00:12.027659Z
117,2025-03-15T12:00:12.081994Z,583,7.0,high,loop_detector,2025-03-15T12:00:12.081994Z
75,2025-03-15T12:00:12.136628Z,571,27.5,high,loop_detector,2025-03-15T12:00:12.136628Z
67,2025-03-15T12:00:12.193717Z,305,34.6,high,infrared_sensor,2025-03-15T12:00:12.193717Z
130,2025-03-15T12:00:12.255513Z,166,20.6,moderate,infrared_sensor,2025-03-15T12:00:12.255513Z
65,2025-03-15T12:00:12.315427Z,318,5.9,high,radar_detector,2025-03-15T12:00:12.315427Z
119,2025-03-15T12:00:12.370582Z,398,37.4,moderate,loop_detector,2025-03-15T12:00:12.370582Z
6,2025-03-15T12:00:12.427594Z,161,28.4,high,radar_detector,2025-03-15T12:00:12.427594Z
33,2025-03-15T12:00:12.485855Z,782,44.8,moderate,camera_vision,2025-03-15T12:00:12.485855Z
131,2025-03-15T12:00:12.542733Z,899,27.9,moderate,loop_detector,2025-03-15T12:00:12.542733Z
137,2025-03-15T12:00:12.597535Z,388,6.2,high,camera_vision,2025-03-15T12:00:12.597535Z
36,2025-03-15T12:00:12.654193Z,471,8.9,high,infrared_sensor,2025-03-15T12:00:12.654193Z
142,2025-03-15T12:00:12.713297Z,236,22.3,high,bluetooth_beacon,2025-03-15T12:00:12.713297Z
108,2025-03-15T12:00:12.770973Z,207,27.0,high,bluetooth_beacon,2025-03-15T12:00:12.770973Z
61,2025-03-15T12:00:12.829102Z,558,27.6,moderate,bluetooth_beacon,2025-03-15T12:00:12.829102Z
92,2025-03-15T12:00:12.887608Z,466,25.0,moderate,infrared_sensor,2025-03-15T12:00:12.887608Z
29,2025-03-15T12:00:12.951097Z,290,28.5,moderate,radar_detector,2025-03-15T12:00:12.951097Z
48,2025-03-15T12:00:13.007011Z,469,22.2,high,infrared_sensor,2025-03-15T12:00:13.007011Z
44,2025-03-15T12:00:13.063716Z,536,11.9,high,infrared_sensor,2025-03-15T12:00:13.063716Z
10,2025-03-15T12:00:13.119646Z,881,60.9,low,infrared_sensor,2025-03-15T12:00:13.119646Z
96,2025-03-15T12:00:13.182378Z,598,26.0,moderate,loop_detector,2025-03-15T12:00:13.182378Z
102,2025-03-15T12:00:13.238767Z,121,51.6,moderate,loop_detector,2025-03-15T12:00:13.238767Z
125,2025-03-15T12:00:13.296051Z,246,32.3,high,loop_detector,2025-03-15T12:00:13.296051Z
48,2025-03-15T12:00:13.351223Z,315,73.1,low,infrared_sensor,2025-03-15T12:00:13.351223Z
1,2025-03-15T12:00:13.405093Z,337,49.4,moderate,loop_detector,2025-03-15T12:00:13.405093Z
70,2025-03-15T12:00:13.46496Z,301,63.2,low,bluetooth_beacon,2025-03-15T12:00:13.46496Z
143,2025-03-15T12:00:13.52149Z,842,25.6,moderate,bluetooth_beacon,2025-03-15T12:00:13.52149Z
137,2025-03-15T12:00:13.579138Z,295,33.9,high,camera_vision,2025-03-15T12:00:13.579138Z
102,2025-03-15T12:00:13.637356Z,455,72.1,low,loop_detector,2025-03-15T12:00:13.637356Z
59,2025-03-15T12:00:13.690892Z,126,49.3,moderate,camera_vision,2025-03-15T12:00:13.690892Z
131,2025-03-15T12:00:13.744998Z,427,52.0,low,loop_detector,2025-03-15T12:00:13.744998Z
31,2025-03-15T12:00:13.800507Z,205,13.7,high,radar_detector,2025-03-15T12:00:13.800507Z
99,2025-03-15T12:00:13.857024Z,13,68.9,low,camera_vision,2025-03-15T12:00:13.857024Z
145,2025-03-15T12:00:13.913134Z,15,45.7,low,radar_detector,2025-03-15T12:00:13.913134Z
160,2025-03-15T12:00:13.969054Z,393,16.7,moderate,loop_detector,2025-03-15T12:00:13.969054Z
72,2025-03-15T12:00:14.024656Z,546,36.4,moderate,loop_detector,2025-03-15T12:00:14.024656Z
33,2025-03-15T12:00:14.078726Z,236,54.3,moderate,camera_vision,2025-03-15T12:00:14.078726Z
5,2025-03-15T12:00:14.137235Z,533,36.3,moderate,bluetooth_beacon,2025-03-15T12:00:14.137235Z
126,2025-03-15T12:00:14.202269Z,27,66.3,low,infrared_sensor,2025-03-15T12:00:14.202269Z
124,2025-03-15T12:00:14.260741Z,513,33.1,high,infrared_sensor,2025-03-15T12:00:14.260741Z
90,2025-03-15T12:00:14.317974Z,91,35.2,moderate,radar_detector,2025-03-15T12:00:14.317974Z
22,2025-03-15T12:00:14.376873Z,650,42.3,moderate,camera_vision,2025-03-15T12:00:14.376873Z
113,2025-03-15T12:00:14.432452Z,773,34.8,moderate,bluetooth_beacon,2025-03-15T12:00:14.432452Z
88,2025-03-15T12:00:14.495026Z,594,47.3,low,loop_detector,2025-03-15T12:00:14.495026Z
27,2025-03-15T12:00:14.553167Z,389,43.8,low,camera_vision,2025-03-15T12:00:14.553167Z
39,2025-03-15T12:00:14.610892Z,192,53.1,low,infrared_sensor,2025-03-15T12:00:14.610892Z
23,2025-03-15T12:00:14.669083Z,519,46.8,low,bluetooth_beacon,2025-03-15T12:00:14.669083Z
30,2025-03-15T12:00:14.726895Z,453,31.4,moderate,radar_detector,2025-03-15T12:00:14.726895Z
138,2025-03-15T12:00:14.78473Z,276,16.8,high,camera_vision,2025-03-15T12:00:14.78473Z
33,2025-03-15T12:00:14.84324Z,454,46.8,low,camera_vision,2025-03-15T12:00:14.84324Z
149,2025-03-15T12:00:14.90159Z,299,46.3,moderate,infrared_sensor,2025-03-15T12:00:14.90159Z
134,2025-03-15T12:00:14.960396Z,643,7.6,high,radar_detector,2025-03-15T12:00:14.960396Z
105,2025-03-15T12:00:15.017941Z,286,17.6,high,loop_detector,2025-03-15T12:00:15.017941Z
137,2025-03-15T12:00:15.07768Z,552,25.7,moderate,camera_vision,2025-03-15T12:00:15.07768Z
89,2025-03-15T12:00:15.134174Z,49,25.3,moderate,loop_detector,2025-03-15T12:00:15.134174Z
79,2025-03-15T12:00:15.196904Z,62,51.9,low,camera_vision,2025-03-15T12:00:15.196904Z
49,2025-03-15T12:00:15.255091Z,231,73.1,low,bluetooth_beacon,2025-03-15T12:00:15.255091Z
31,2025-03-15T12:00:15.312535Z,392,15.4,moderate,radar_detector,2025-03-15T12:00:15.312535Z
153,2025-03-15T12:00:15.370602Z,117,48.3,low,radar_detector,2025-03-15T12:00:15.370602Z
103,2025-03-15T12:00:15.428643Z,403,73.3,low,radar_detector,2025-03-15T12:00:15.428643Z
104,2025-03-15T12:00:15.489944Z,99,11.4,high,bluetooth_beacon,2025-03-15T12:00:15.489944Z
76,2025-03-15T12:00:15.54726Z,555,26.3,high,infrared_sensor,2025-03-15T12:00:15.54726Z
10,2025-03-15T12:00:15.604229Z,236,32.8,high,infrared_sensor,2025-03-15T12:00:15.604229Z
69,2025-03-15T12:00:15.662139Z,132,61.5,low,bluetooth_beacon,2025-03-15T12:00:15.662139Z
167,2025-03-15T12:00:15.717876Z,565,6.8,high,radar_detector,2025-03-15T12:00:15.717876Z
107,2025-03-15T12:00:15.772335Z,563,53.2,moderate,loop_detector,2025-03-15T12:00:15.772335Z
70,2025-03-15T12:00:15.83051Z,423,53.9,moderate,bluetooth_beacon,2025-03-15T12:00:15.83051Z
29,2025-03-15T12:00:15.887323Z,30,23.8,moderate,radar_detector,2025-03-15T12:00:15.887323Z
64,2025-03-15T12:00:15.943073Z,261,38.5,moderate,camera_vision,2025-03-15T12:00:15.943073Z
51,2025-03-15T12:00:15.997487Z,369,13.4,high,camera_vision,2025-03-15T12:00:15.997487Z
49,2025-03-15T12:00:16.052846Z,539,30.9,moderate,bluetooth_beacon,2025-03-15T12:00:16.052846Z
160,2025-03-15T12:00:16.106507Z,143,46.4,low,loop_detector,2025-03-15T12:00:16.106507Z
13,2025-03-15T12:00:16.161245Z,296,45.4,moderate,bluetooth_beacon,2025-03-15T12:00:16.161245Z
37,2025-03-15T12:00:16.216449Z,597,29.6,moderate,radar_detector,2025-03-15T12:00:16.216449Z
139,2025-03-15T12:00:16.270383Z,490,18.6,moderate,loop_detector,2025-03-15T12:00:16.270383Z
148,2025-03-15T12:00:16.32403Z,222,11.4,high,bluetooth_beacon,2025-03-15T12:00:16.32403Z
117,2025-03-15T12:00:16.377546Z,502,25.5,moderate,loop_detector,2025-03-15T12:00:16.377546Z
133,2025-03-15T12:00:16.43354Z,326,43.1,low,camera_vision,2025-03-15T12:00:16.43354Z
164,2025-03-15T12:00:16.4934Z,587,11.0,high,camera_vision,2025-03-15T12:00:16.4934Z
75,2025-03-15T12:00:16.548956Z,208,52.4,moderate,loop_detector,2025-03-15T12:00:16.548956Z
76,2025-03-15T12:00:16.601801Z,550,9.0,high,infrared_sensor,2025-03-15T12:00:16.601801Z
10,2025-03-15T12:00:16.658115Z,249,17.7,moderate,infrared_sensor,2025-03-15T12:00:16.658115Z
74,2025-03-15T12:00:16.712435Z,330,73.3,low,bluetooth_beacon,2025-03-15T12:00:16.712435Z
132,2025-03-15T12:00:16.769127Z,811,29.7,high,loop_detector,2025-03-15T12:00:16.769127Z
66,2025-03-15T12:00:16.827263Z,99,69.8,low,loop_detector,2025-03-15T12:00:16.827263Z
59,2025-03-15T12:00:16.884679Z,242,10.1,high,camera_vision,2025-03-15T12:00:16.884679Z
92,2025-03-15T12:00:16.942426Z,95,26.1,moderate,infrared_sensor,2025-03-15T12:00:16.942426Z
1,2025-03-15T12:00:17.005502Z,196,35.7,moderate,loop_detector,2025-03-15T12:00:17.005502Z
22,2025-03-15T12:00:17.060278Z,541,33.2,moderate,camera_vision,2025-03-15T12:00:17.060278Z
3,2025-03-15T12:00:17.117095Z,541,54.5,low,loop_detector,2025-03-15T12:00:17.117095Z
135,2025-03-15T12:00:17.178963Z,324,54.4,moderate,bluetooth_beacon,2025-03-15T12:00:17.178963Z
15,2025-03-15T12:00:17.236489Z,561,28.2,high,loop_detector,2025-03-15T12:00:17.236489Z
4,2025-03-15T12:00:17.294583Z,139,73.6,low,bluetooth_beacon,2025-03-15T12:00:17.294583Z
122,2025-03-15T12:00:17.35217Z,250,33.6,moderate,radar_detector,2025-03-15T12:00:17.35217Z
23,2025-03-15T12:00:17.409423Z,151,68.1,low,bluetooth_beacon,2025-03-15T12:00:17.409423Z
77,2025-03-15T12:00:17.466718Z,674,9.1,high,loop_detector,2025-03-15T12:00:17.466718Z
67,2025-03-15T12:00:17.524263Z,566,44.8,moderate,infrared_sensor,2025-03-15T12:00:17.524263Z
41,2025-03-15T12:00:17.582327Z,516,25.3,moderate,camera_vision,2025-03-15T12:00:17.582327Z
15,2025-03-15T12:00:17.640125Z,249,43.4,low,loop_detector,2025-03-15T12:00:17.640125Z
1,2025-03-15T12:00:17.697866Z,369,13.9,high,loop_detector,2025-03-15T12:00:17.697866Z
116,2025-03-15T12:00:17.756074Z,188,65.2,low,camera_vision,2025-03-15T12:00:17.756074Z
130,2025-03-15T12:00:17.813746Z,184,6.1,high,infrared_sensor,2025-03-15T12:00:17.813746Z
40,2025-03-15T12:00:17.872385Z,829,11.1,high,radar_detector,2025-03-15T12:00:17.872385Z
33,2025-03-15T12:00:17.9299Z,148,12.1,high,camera_vision,2025-03-15T12:00:17.9299Z
124,2025-03-15T12:00:17.987339Z,87,53.7,low,infrared_sensor,2025-03-15T12:00:17.987339Z
7,2025-03-15T12:00:18.045103Z,782,54.5,moderate,infrared_sensor,2025-03-15T12:00:18.045103Z
96,2025-03-15T12:00:18.099839Z,489,63.6,low,loop_detector,2025-03-15T12:00:18.099839Z
72,2025-03-15T12:00:18.15632Z,484,47.0,low,loop_detector,2025-03-15T12:00:18.15632Z
10,2025-03-15T12:00:18.212464Z,85,44.5,low,infrared_sensor,2025-03-15T12:00:18.212464Z
162,2025-03-15T12:00:18.269221Z,395,33.4,moderate,bluetooth_beacon,2025-03-15T12:00:18.269221Z
45,2025-03-15T12:00:18.325481Z,682,33.5,moderate,camera_vision,2025-03-15T12:00:18.325481Z
135,2025-03-15T12:00:18.392336Z,465,30.1,moderate,bluetooth_beacon,2025-03-15T12:00:18.392336Z
16,2025-03-15T12:00:18.450435Z,408,49.8,low,infrared_sensor,2025-03-15T12:00:18.450435Z
150,2025-03-15T12:00:18.507688Z,198,28.4,high,bluetooth_beacon,2025-03-15T12:00:18.507688Z
151,2025-03-15T12:00:18.565143Z,251,39.6,moderate,loop_detector,2025-03-15T12:00:18.565143Z
130,2025-03-15T12:00:18.622141Z,260,73.3,low,infrared_sensor,2025-03-15T12:00:18.622141Z
49,2025-03-15T12:00:18.679215Z,573,25.5,high,bluetooth_beacon,2025-03-15T12:00:18.679215Z
38,2025-03-15T12:00:18.737932Z,394,27.9,moderate,bluetooth_beacon,2025-03-15T12:00:18.737932Z
51,2025-03-15T12:00:18.795062Z,705,38.6,moderate,camera_vision,2025-03-15T12:00:18.795062Z
131,2025-03-15T12:00:18.851294Z,121,55.0,moderate,loop_detector,2025-03-15T12:00:18.851294Z
151,2025-03-15T12:00:18.915096Z,50,39.3,moderate,loop_detector,2025-03-15T12:00:18.915096Z
44,2025-03-15T12:00:18.972428Z,26,38.4,low,infrared_sensor,2025-03-15T12:00:18.972428Z
124,2025-03-15T12:00:19.030397Z,467,17.0,moderate,infrared_sensor,2025-03-15T12:00:19.030397Z
62,2025-03-15T12:00:19.088421Z,251,67.5,low,infrared_sensor,2025-03-15T12:00:19.088421Z
105,2025-03-15T12:00:19.146385Z,17,52.3,moderate,loop_detector,2025-03-15T12:00:19.146385Z
87,2025-03-15T12:00:19.203542Z,254,74.7,low,bluetooth_beacon,2025-03-15T12:00:19.203542Z
139,2025-03-15T12:00:19.260149Z,546,34.5,high,loop_detector,2025-03-15T12:00:19.260149Z
47,2025-03-15T12:00:19.320119Z,25,51.1,moderate,loop_detector,2025-03-15T12:00:19.320119Z
80,2025-03-15T12:00:19.374851Z,37,50.1,moderate,loop_detector,2025-03-15T12:00:19.374851Z
98,2025-03-15T12:00:19.429094Z,320,33.8,moderate,bluetooth_beacon,2025-03-15T12:00:19.429094Z
155,2025-03-15T12:00:19.483717Z,297,45.9,moderate,bluetooth_beacon,2025-03-15T12:00:19.483717Z
164,2025-03-15T12:00:19.545244Z,512,31.9,moderate,camera_vision,2025-03-15T12:00:19.545244Z
85,2025-03-15T12:00:19.602684Z,488,30.0,moderate,camera_vision,2025-03-15T12:00:19.602684Z
38,2025-03-15T12:00:19.663861Z,464,13.9,high,bluetooth_beacon,2025-03-15T12:00:19.663861Z
155,2025-03-15T12:00:19.71915Z,858,6.5,high,bluetooth_beacon,2025-03-15T12:00:19.71915Z
159,2025-03-15T12:00:19.776425Z,31,66.1,low,infrared_sensor,2025-03-15T12:00:19.776425Z
102,2025-03-15T12:00:19.833623Z,360,28.2,high,loop_detector,2025-03-15T12:00:19.833623Z
105,2025-03-15T12:00:19.890812Z,645,33.5,high,loop_detector,2025-03-15T12:00:19.890812Z
61,2025-03-15T12:00:19.9468Z,837,51.8,moderate,bluetooth_beacon,2025-03-15T12:00:19.9468Z
76,2025-03-15T12:00:20.003772Z,331,32.4,moderate,infrared_sensor,2025-03-15T12:00:20.003772Z
88,2025-03-15T12:00:20.06157Z,72,53.4,moderate,loop_detector,2025-03-15T12:00:20.06157Z
154,2025-03-15T12:00:20.117863Z,249,23.5,high,radar_detector,2025-03-15T12:00:20.117863Z
114,2025-03-15T12:00:20.18133Z,29,29.2,moderate,infrared_sensor,2025-03-15T12:00:20.18133Z
137,2025-03-15T12:00:20.238282Z,399,51.1,moderate,camera_vision,2025-03-15T12:00:20.238282Z
43,2025-03-15T12:00:20.295601Z,649,13.3,high,bluetooth_beacon,2025-03-15T12:00:20.295601Z
80,2025-03-15T12:00:20.357839Z,541,52.3,moderate,loop_detector,2025-03-15T12:00:20.357839Z
167,2025-03-15T12:00:20.413622Z,554,49.7,moderate,radar_detector,2025-03-15T12:00:20.413622Z
143,2025-03-15T12:00:20.468561Z,410,10.1,high,bluetooth_beacon,2025-03-15T12:00:20.468561Z
90,2025-03-15T12:00:20.525254Z,338,63.2,low,radar_detector,2025-03-15T12:00:20.525254Z
132,2025-03-15T12:00:20.583755Z,551,32.2,moderate,loop_detector,2025-03-15T12:00:20.583755Z
119,2025-03-15T12:00:20.642241Z,348,64.1,low,loop_detector,2025-03-15T12:00:20.642241Z
114,2025-03-15T12:00:20.700137Z,45,72.3,low,infrared_sensor,2025-03-15T12:00:20.700137Z
10,2025-03-15T12:00:20.758106Z,501,65.3,low,infrared_sensor,2025-03-15T12:00:20.758106Z
51,2025-03-15T12:00:20.817189Z,666,28.7,moderate,camera_vision,2025-03-15T12:00:20.817189Z
15,2025-03-15T12:00:20.875125Z,804,45.4,moderate,loop_detector,2025-03-15T12:00:20.875125Z
81,2025-03-15T12:00:20.933406Z,503,13.6,high,camera_vision,2025-03-15T12:00:20.933406Z
151,2025-03-15T12:00:20.991221Z,135,5.8,high,loop_detector,2025-03-15T12:00:20.991221Z
30,2025-03-15T12:00:21.0524Z,236,28.6,high,radar_detector,2025-03-15T12:00:21.0524Z
44,2025-03-15T12:00:21.110119Z,55,36.0,low,infrared_sensor,2025-03-15T12:00:21.110119Z
12,2025-03-15T12:00:21.172079Z,423,43.0,low,loop_detector,2025-03-15T12:00:21.172079Z
147,2025-03-15T12:00:21.228978Z,219,44.9,moderate,infrared_sensor,2025-03-15T12:00:21.228978Z
58,2025-03-15T12:00:21.285825Z,674,23.7,moderate,loop_detector,2025-03-15T12:00:21.285825Z
144,2025-03-15T12:00:21.34258Z,602,35.2,moderate,bluetooth_beacon,2025-03-15T12:00:21.34258Z
18,2025-03-15T12:00:21.399668Z,108,47.8,low,infrared_sensor,2025-03-15T12:00:21.399668Z
133,2025-03-15T12:00:21.457219Z,45,13.8,high,camera_vision,2025-03-15T12:00:21.457219Z
40,2025-03-15T12:00:21.515027Z,338,70.1,low,radar_detector,2025-03-15T12:00:21.515027Z
132,2025-03-15T12:00:21.57257Z,346,26.4,moderate,loop_detector,2025-03-15T12:00:21.57257Z
6,2025-03-15T12:00:21.62999Z,584,7.3,high,radar_detector,2025-03-15T12:00:21.62999Z
165,2025-03-15T12:00:21.687248Z,892,33.2,high,camera_vision,2025-03-15T12:00:21.687248Z
105,2025-03-15T12:00:21.744791Z,84,37.9,low,loop_detector,2025-03-15T12:00:21.744791Z
29,2025-03-15T12:00:21.80192Z,413,29.3,moderate,radar_detector,2025-03-15T12:00:21.80192Z
54,2025-03-15T12:00:21.860258Z,544,36.9,moderate,bluetooth_beacon,2025-03-15T12:00:21.860258Z
115,2025-03-15T12:00:21.918256Z,298,62.6,low,bluetooth_beacon,2025-03-15T12:00:21.918256Z
35,2025-03-15T12:00:21.977813Z,320,45.5,moderate,radar_detector,2025-03-15T12:00:21.977813Z
95,2025-03-15T12:00:22.03907Z,415,64.0,low,camera_vision,2025-03-15T12:00:22.03907Z
89,2025-03-15T12:00:22.096335Z,332,60.7,low,loop_detector,2025-03-15T12:00:22.096335Z
73,2025-03-15T12:00:22.155581Z,402,27.8,high,radar_detector,2025-03-15T12:00:22.155581Z
90,2025-03-15T12:00:22.215446Z,375,25.3,moderate,radar_detector,2025-03-15T12:00:22.215446Z
46,2025-03-15T12:00:22.27126Z,315,9.3,high,camera_vision,2025-03-15T12:00:22.27126Z
51,2025-03-15T12:00:22.328044Z,23,36.8,moderate,camera_vision,2025-03-15T12:00:22.328044Z
92,2025-03-15T12:00:22.385034Z,483,11.8,high,infrared_sensor,2025-03-15T12:00:22.385034Z
13,2025-03-15T12:00:22.442187Z,513,32.1,moderate,bluetooth_beacon,2025-03-15T12:00:22.442187Z
47,2025-03-15T12:00:22.50346Z,518,64.1,low,loop_detector,2025-03-15T12:00:22.50346Z
130,2025-03-15T12:00:22.56141Z,338,19.0,high,infrared_sensor,2025-03-15T12:00:22.56141Z
124,2025-03-15T12:00:22.6183Z,246,13.9,high,infrared_sensor,2025-03-15T12:00:22.6183Z
146,2025-03-15T12:00:22.674677Z,133,53.2,moderate,infrared_sensor,2025-03-15T12:00:22.674677Z
8,2025-03-15T12:00:22.733245Z,42,5.8,high,infrared_sensor,2025-03-15T12:00:22.733245Z
48,2025-03-15T12:00:22.787127Z,405,16.4,high,infrared_sensor,2025-03-15T12:00:22.787127Z
16,2025-03-15T12:00:22.839965Z,548,40.9,moderate,infrared_sensor,2025-03-15T12:00:22.839965Z
66,2025-03-15T12:00:22.894075Z,257,35.1,low,loop_detector,2025-03-15T12:00:22.894075Z
67,2025-03-15T12:00:22.948999Z,799,6.3,high,infrared_sensor,2025-03-15T12:00:22.948999Z
134,2025-03-15T12:00:23.007096Z,505,15.8,high,radar_detector,2025-03-15T12:00:23.007096Z
139,2025-03-15T12:00:23.063383Z,502,10.7,high,loop_detector,2025-03-15T12:00:23.063383Z
144,2025-03-15T12:00:23.120291Z,451,52.4,moderate,bluetooth_beacon,2025-03-15T12:00:23.120291Z
51,2025-03-15T12:00:23.179124Z,575,50.1,moderate,camera_vision,2025-03-15T12:00:23.179124Z
32,2025-03-15T12:00:23.237969Z,17,43.1,moderate,loop_detector,2025-03-15T12:00:23.237969Z
133,2025-03-15T12:00:23.296838Z,495,20.5,moderate,camera_vision,2025-03-15T12:00:23.296838Z
106,2025-03-15T12:00:23.359705Z,285,20.4,moderate,infrared_sensor,2025-03-15T12:00:23.359705Z
5,2025-03-15T12:00:23.415437Z,690,25.8,moderate,bluetooth_beacon,2025-03-15T12:00:23.415437Z
39,2025-03-15T12:00:23.471617Z,470,19.3,high,infrared_sensor,2025-03-15T12:00:23.471617Z
25,2025-03-15T12:00:23.529567Z,342,41.7,low,infrared_sensor,2025-03-15T12:00:23.529567Z
90,2025-03-15T12:00:23.591624Z,284,67.7,low,radar_detector,2025-03-15T12:00:23.591624Z
97,2025-03-15T12:00:23.65087Z,312,12.6,high,radar_detector,2025-03-15T12:00:23.65087Z
153,2025-03-15T12:00:23.710106Z,207,34.9,high,radar_detector,2025-03-15T12:00:23.710106Z
150,2025-03-15T12:00:23.768053Z,178,44.1,moderate,bluetooth_beacon,2025-03-15T12:00:23.768053Z
161,2025-03-15T12:00:23.826073Z,559,19.5,moderate,camera_vision,2025-03-15T12:00:23.826073Z
62,2025-03-15T12:00:23.888488Z,834,22.8,high,infrared_sensor,2025-03-15T12:00:23.888488Z
90,2025-03-15T12:00:23.946977Z,228,70.7,low,radar_detector,2025-03-15T12:00:23.946977Z
38,2025-03-15T12:00:24.012886Z,459,11.6,high,bluetooth_beacon,2025-03-15T12:00:24.012886Z
45,2025-03-15T12:00:24.071815Z,272,31.1,moderate,camera_vision,2025-03-15T12:00:24.071815Z
109,2025-03-15T12:00:24.129918Z,64,50.6,low,camera_vision,2025-03-15T12:00:24.129918Z
133,2025-03-15T12:00:24.186849Z,494,16.7,moderate,camera_vision,2025-03-15T12:00:24.186849Z
50,2025-03-15T12:00:24.245458Z,477,20.8,moderate,loop_detector,2025-03-15T12:00:24.245458Z
39,2025-03-15T12:00:24.302863Z,831,73.0,low,infrared_sensor,2025-03-15T12:00:24.302863Z
56,2025-03-15T12:00:24.360182Z,550,9.6,high,loop_detector,2025-03-15T12:00:24.360182Z
6,2025-03-15T12:00:24.42105Z,570,74.8,low,radar_detector,2025-03-15T12:00:24.42105Z
144,2025-03-15T12:00:24.477948Z,110,29.0,moderate,bluetooth_beacon,2025-03-15T12:00:24.477948Z
121,2025-03-15T12:00:24.540282Z,483,66.4,low,camera_vision,2025-03-15T12:00:24.540282Z
85,2025-03-15T12:00:24.598194Z,169,49.9,low,camera_vision,2025-03-15T12:00:24.598194Z
101,2025-03-15T12:00:24.65543Z,446,47.7,moderate,loop_detector,2025-03-15T12:00:24.65543Z
83,2025-03-15T12:00:24.710877Z,336,72.4,low,infrared_sensor,2025-03-15T12:00:24.710877Z
59,2025-03-15T12:00:24.767866Z,767,19.9,moderate,camera_vision,2025-03-15T12:00:24.767866Z
114,2025-03-15T12:00:24.825778Z,399,18.1,moderate,infrared_sensor,2025-03-15T12:00:24.825778Z
58,2025-03-15T12:00:24.883194Z,120,44.3,moderate,loop_detector,2025-03-15T12:00:24.883194Z
156,2025-03-15T12:00:24.940975Z,501,56.8,low,bluetooth_beacon,2025-03-15T12:00:24.940975Z
87,2025-03-15T12:00:24.99855Z,30,54.4,low,bluetooth_beacon,2025-03-15T12:00:24.99855Z
89,2025-03-15T12:00:25.056504Z,306,23.6,high,loop_detector,2025-03-15T12:00:25.056504Z
16,2025-03-15T12:00:25.113941Z,398,31.9,moderate,infrared_sensor,2025-03-15T12:00:25.113941Z
31,2025-03-15T12:00:25.171772Z,738,11.4,high,radar_detector,2025-03-15T12:00:25.171772Z
30,2025-03-15T12:00:25.229973Z,540,38.3,moderate,radar_detector,2025-03-15T12:00:25.229973Z
34,2025-03-15T12:00:25.291081Z,379,24.7,high,bluetooth_beacon,2025-03-15T12:00:25.291081Z
105,2025-03-15T12:00:25.350193Z,72,43.0,moderate,loop_detector,2025-03-15T12:00:25.350193Z
49,2025-03-15T12:00:25.408875Z,876,44.6,moderate,bluetooth_beacon,2025-03-15T12:00:25.408875Z
81,2025-03-15T12:00:25.469001Z,347,26.7,moderate,camera_vision,2025-03-15T12:00:25.469001Z
113,2025-03-15T12:00:25.527062Z,536,22.7,moderate,bluetooth_beacon,2025-03-15T12:00:25.527062Z
98,2025-03-15T12:00:25.585385Z,250,20.4,moderate,bluetooth_beacon,2025-03-15T12:00:25.585385Z
160,2025-03-15T12:00:25.642575Z,194,42.0,moderate,loop_detector,2025-03-15T12:00:25.642575Z
73,2025-03-15T12:00:25.701292Z,335,60.3,low,radar_detector,2025-03-15T12:00:25.701292Z
55,2025-03-15T12:00:25.76048Z,443,34.5,high,loop_detector,2025-03-15T12:00:25.76048Z
48,2025-03-15T12:00:25.819431Z,534,39.6,moderate,infrared_sensor,2025-03-15T12:00:25.819431Z
47,2025-03-15T12:00:25.877513Z,21,41.4,low,loop_detector,2025-03-15T12:00:25.877513Z
156,2025-03-15T12:00:25.936961Z,154,68.7,low,bluetooth_beacon,2025-03-15T12:00:25.936961Z
122,2025-03-15T12:00:25.995996Z,162,34.7,moderate,radar_detector,2025-03-15T12:00:25.995996Z
109,2025-03-15T12:00:26.051184Z,110,48.4,moderate,camera_vision,2025-03-15T12:00:26.051184Z
160,2025-03-15T12:00:26.107746Z,471,54.6,moderate,loop_detector,2025-03-15T12:00:26.107746Z
74,2025-03-15T12:00:26.166424Z,400,58.0,low,bluetooth_beacon,2025-03-15T12:00:26.166424Z
74,2025-03-15T12:00:26.229602Z,71,40.4,moderate,bluetooth_beacon,2025-03-15T12:00:26.229602Z
43,2025-03-15T12:00:26.286406Z,179,41.2,low,bluetooth_beacon,2025-03-15T12:00:26.286406Z
28,2025-03-15T12:00:26.351354Z,592,37.4,moderate,camera_vision,2025-03-15T12:00:26.351354Z
54,2025-03-15T12:00:26.408237Z,79,68.9,low,bluetooth_beacon,2025-03-15T12:00:26.408237Z
33,2025-03-15T12:00:26.466008Z,620,11.6,high,camera_vision,2025-03-15T12:00:26.466008Z
40,2025-03-15T12:00:26.5241Z,54,48.0,low,radar_detector,2025-03-15T12:00:26.5241Z
39,2025-03-15T12:00:26.586852Z,132,28.4,moderate,infrared_sensor,2025-03-15T12:00:26.586852Z
13,2025-03-15T12:00:26.646135Z,84,35.7,moderate,bluetooth_beacon,2025-03-15T12:00:26.646135Z
142,2025-03-15T12:00:26.705508Z,528,34.4,moderate,bluetooth_beacon,2025-03-15T12:00:26.705508Z
44,2025-03-15T12:00:26.764111Z,254,51.8,low,infrared_sensor,2025-03-15T12:00:26.764111Z
45,2025-03-15T12:00:26.821449Z,257,45.7,moderate,camera_vision,2025-03-15T12:00:26.821449Z
61,2025-03-15T12:00:26.879964Z,517,29.5,moderate,bluetooth_beacon,2025-03-15T12:00:26.879964Z
67,2025-03-15T12:00:26.940762Z,509,52.6,low,infrared_sensor,2025-03-15T12:00:26.940762Z
138,2025-03-15T12:00:26.998149Z,544,26.8,moderate,camera_vision,2025-03-15T12:00:26.998149Z
41,2025-03-15T12:00:27.059506Z,61,41.0,low,camera_vision,2025-03-15T12:00:27.059506Z
112,2025-03-15T12:00:27.120988Z,13,57.3,low,camera_vision,2025-03-15T12:00:27.120988Z
126,2025-03-15T12:00:27.178979Z,587,48.1,moderate,infrared_sensor,2025-03-15T12:00:27.178979Z
37,2025-03-15T12:00:27.237007Z,596,24.0,moderate,radar_detector,2025-03-15T12:00:27.237007Z
21,2025-03-15T12:00:27.294256Z,230,46.7,moderate,infrared_sensor,2025-03-15T12:00:27.294256Z
22,2025-03-15T12:00:27.361558Z,332,41.9,moderate,camera_vision,2025-03-15T12:00:27.361558Z
56,2025-03-15T12:00:27.420015Z,297,47.4,moderate,loop_detector,2025-03-15T12:00:27.420015Z
38,2025-03-15T12:00:27.480475Z,198,29.7,moderate,bluetooth_beacon,2025-03-15T12:00:27.480475Z
105,2025-03-15T12:00:27.537479Z,387,8.3,high,loop_detector,2025-03-15T12:00:27.537479Z
99,2025-03-15T12:00:27.59993Z,359,47.0,moderate,camera_vision,2025-03-15T12:00:27.59993Z
92,2025-03-15T12:00:27.657569Z,699,33.1,high,infrared_sensor,2025-03-15T12:00:27.657569Z
122,2025-03-15T12:00:27.713934Z,205,39.7,moderate,radar_detector,2025-03-15T12:00:27.713934Z
5,2025-03-15T12:00:27.771199Z,885,54.1,low,bluetooth_beacon,2025-03-15T12:00:27.771199Z
89,2025-03-15T12:00:27.829694Z,751,35.9,moderate,loop_detector,2025-03-15T12:00:27.829694Z
4,2025-03-15T12:00:27.888931Z,811,42.2,low,bluetooth_beacon,2025-03-15T12:00:27.888931Z
114,2025-03-15T12:00:27.951592Z,196,63.4,low,infrared_sensor,2025-03-15T12:00:27.951592Z
113,2025-03-15T12:00:28.007621Z,265,6.7,high,bluetooth_beacon,2025-03-15T12:00:28.007621Z
55,2025-03-15T12:00:28.064372Z,348,40.6,moderate,loop_detector,2025-03-15T12:00:28.064372Z
89,2025-03-15T12:00:28.11908Z,886,17.9,high,loop_detector,2025-03-15T12:00:28.11908Z
156,2025-03-15T12:00:28.175522Z,473,71.3,low,bluetooth_beacon,2025-03-15T12:00:28.175522Z
47,2025-03-15T12:00:28.233008Z,384,48.9,moderate,loop_detector,2025-03-15T12:00:28.233008Z
103,2025-03-15T12:00:28.291088Z,467,14.4,high,radar_detector,2025-03-15T12:00:28.291088Z
136,2025-03-15T12:00:28.348601Z,662,56.1,low,radar_detector,2025-03-15T12:00:28.348601Z
85,2025-03-15T12:00:28.405739Z,593,28.1,high,camera_vision,2025-03-15T12:00:28.405739Z
29,2025-03-15T12:00:28.461708Z,43,26.5,high,radar_detector,2025-03-15T12:00:28.461708Z
5,2025-03-15T12:00:28.515308Z,355,25.2,high,bluetooth_beacon,2025-03-15T12:00:28.515308Z
21,2025-03-15T12:00:28.570849Z,856,39.5,moderate,infrared_sensor,2025-03-15T12:00:28.570849Z
69,2025-03-15T12:00:28.6268Z,556,57.0,low,bluetooth_beacon,2025-03-15T12:00:28.6268Z
91,2025-03-15T12:00:28.684963Z,758,69.0,low,infrared_sensor,2025-03-15T12:00:28.684963Z
32,2025-03-15T12:00:28.740302Z,498,28.3,moderate,loop_detector,2025-03-15T12:00:28.740302Z
29,2025-03-15T12:00:28.794054Z,184,35.7,low,radar_detector,2025-03-15T12:00:28.794054Z
11,2025-03-15T12:00:28.847358Z,75,71.0,low,bluetooth_beacon,2025-03-15T12:00:28.847358Z
143,2025-03-15T12:00:28.90096Z,417,8.1,high,bluetooth_beacon,2025-03-15T12:00:28.90096Z
67,2025-03-15T12:00:28.955431Z,579,49.2,moderate,infrared_sensor,2025-03-15T12:00:28.955431Z
139,2025-03-15T12:00:29.011617Z,508,69.1,low,loop_detector,2025-03-15T12:00:29.011617Z
105,2025-03-15T12:00:29.065909Z,211,41.6,moderate,loop_detector,2025-03-15T12:00:29.065909Z
95,2025-03-15T12:00:29.122063Z,531,68.8,low,camera_vision,2025-03-15T12:00:29.122063Z
70,2025-03-15T12:00:29.179408Z,543,13.2,high,bluetooth_beacon,2025-03-15T12:00:29.179408Z
147,2025-03-15T12:00:29.236657Z,256,64.6,low,infrared_sensor,2025-03-15T12:00:29.236657Z
50,2025-03-15T12:00:29.2959Z,250,73.1,low,loop_detector,2025-03-15T12:00:29.2959Z
165,2025-03-15T12:00:29.354692Z,206,29.9,moderate,camera_vision,2025-03-15T12:00:29.354692Z
143,2025-03-15T12:00:29.412057Z,543,23.2,high,bluetooth_beacon,2025-03-15T12:00:29.412057Z
66,2025-03-15T12:00:29.46958Z,419,16.8,high,loop_detector,2025-03-15T12:00:29.46958Z
113,2025-03-15T12:00:29.523693Z,382,30.4,high,bluetooth_beacon,2025-03-15T12:00:29.523693Z
59,2025-03-15T12:00:29.579518Z,372,11.7,high,camera_vision,2025-03-15T12:00:29.579518Z
153,2025-03-15T12:00:29.637002Z,392,22.2,moderate,radar_detector,2025-03-15T12:00:29.637002Z
40,2025-03-15T12:00:29.694109Z,166,18.9,moderate,radar_detector,2025-03-15T12:00:29.694109Z
127,2025-03-15T12:00:29.749222Z,83,39.5,moderate,bluetooth_beacon,2025-03-15T12:00:29.749222Z
13,2025-03-15T12:00:29.805607Z,230,45.7,moderate,bluetooth_beacon,2025-03-15T12:00:29.805607Z
72,2025-03-15T12:00:29.861744Z,159,53.3,low,loop_detector,2025-03-15T12:00:29.861744Z
145,2025-03-15T12:00:29.918436Z,484,19.5,moderate,radar_detector,2025-03-15T12:00:29.918436Z
2,2025-03-15T12:00:29.976906Z,115,10.8,high,infrared_sensor,2025-03-15T12:00:29.976906Z
6,2025-03-15T12:00:30.03343Z,308,39.4,low,radar_detector,2025-03-15T12:00:30.03343Z
17,2025-03-15T12:00:30.090278Z,226,18.0,moderate,infrared_sensor,2025-03-15T12:00:30.090278Z
85,2025-03-15T12:00:30.147461Z,428,46.3,moderate,camera_vision,2025-03-15T12:00:30.147461Z
137,2025-03-15T12:00:30.204979Z,440,10.9,high,camera_vision,2025-03-15T12:00:30.204979Z
167,2025-03-15T12:00:30.261842Z,421,44.9,moderate,radar_detector,2025-03-15T12:00:30.261842Z
55,2025-03-15T12:00:30.320482Z,237,32.9,moderate,loop_detector,2025-03-15T12:00:30.320482Z
57,2025-03-15T12:00:30.378939Z,475,36.3,moderate,loop_detector,2025-03-15T12:00:30.378939Z
102,2025-03-15T12:00:30.436742Z,396,48.4,moderate,loop_detector,2025-03-15T12:00:30.436742Z
154,2025-03-15T12:00:30.491887Z,503,21.5,moderate,radar_detector,2025-03-15T12:00:30.491887Z
107,2025-03-15T12:00:30.548671Z,208,9.8,high,loop_detector,2025-03-15T12:00:30.548671Z
99,2025-03-15T12:00:30.606389Z,572,45.4,moderate,camera_vision,2025-03-15T12:00:30.606389Z
131,2025-03-15T12:00:30.664638Z,374,44.0,low,loop_detector,2025-03-15T12:00:30.664638Z
62,2025-03-15T12:00:30.720113Z,511,30.2,high,infrared_sensor,2025-03-15T12:00:30.720113Z
56,2025-03-15T12:00:30.776689Z,532,22.4,moderate,loop_detector,2025-03-15T12:00:30.776689Z
3,2025-03-15T12:00:30.834611Z,354,7.2,high,loop_detector,2025-03-15T12:00:30.834611Z
96,2025-03-15T12:00:30.892924Z,424,16.7,moderate,loop_detector,2025-03-15T12:00:30.892924Z
62,2025-03-15T12:00:30.950923Z,611,46.0,low,infrared_sensor,2025-03-15T12:00:30.950923Z
57,2025-03-15T12:00:31.007507Z,213,49.9,low,loop_detector,2025-03-15T12:00:31.007507Z
109,2025-03-15T12:00:31.069821Z,293,10.7,high,camera_vision,2025-03-15T12:00:31.069821Z
49,2025-03-15T12:00:31.129229Z,297,18.2,moderate,bluetooth_beacon,2025-03-15T12:00:31.129229Z
138,2025-03-15T12:00:31.187476Z,468,12.5,high,camera_vision,2025-03-15T12:00:31.187476Z
160,2025-03-15T12:00:31.248916Z,392,10.5,high,loop_detector,2025-03-15T12:00:31.248916Z
52,2025-03-15T12:00:31.307976Z,352,34.2,moderate,camera_vision,2025-03-15T12:00:31.307976Z
46,2025-03-15T12:00:31.366101Z,395,17.1,moderate,camera_vision,2025-03-15T12:00:31.366101Z
98,2025-03-15T12:00:31.424339Z,411,6.5,high,bluetooth_beacon,2025-03-15T12:00:31.424339Z
49,2025-03-15T12:00:31.483044Z,543,42.2,moderate,bluetooth_beacon,2025-03-15T12:00:31.483044Z
64,2025-03-15T12:00:31.542125Z,252,57.0,low,camera_vision,2025-03-15T12:00:31.542125Z
65,2025-03-15T12:00:31.598961Z,234,51.7,moderate,radar_detector,2025-03-15T12:00:31.598961Z
56,2025-03-15T12:00:31.655577Z,254,49.8,moderate,loop_detector,2025-03-15T12:00:31.655577Z
18,2025-03-15T12:00:31.712078Z,179,37.4,low,infrared_sensor,2025-03-15T12:00:31.712078Z
145,2025-03-15T12:00:31.768794Z,319,56.3,low,radar_detector,2025-03-15T12:00:31.768794Z
124,2025-03-15T12:00:31.823737Z,162,36.3,low,infrared_sensor,2025-03-15T12:00:31.823737Z
150,2025-03-15T12:00:31.879984Z,803,31.8,moderate,bluetooth_beacon,2025-03-15T12:00:31.879984Z
142,2025-03-15T12:00:31.937428Z,340,8.6,high,bluetooth_beacon,2025-03-15T12:00:31.937428Z
169,2025-03-15T12:00:31.996426Z,546,49.2,moderate,loop_detector,2025-03-15T12:00:31.996426Z
96,2025-03-15T12:00:32.052842Z,424,38.7,moderate,loop_detector,2025-03-15T12:00:32.052842Z
168,2025-03-15T12:00:32.109407Z,805,28.4,high,radar_detector,2025-03-15T12:00:32.109407Z
71,2025-03-15T12:00:32.172359Z,256,15.0,high,radar_detector,2025-03-15T12:00:32.172359Z
37,2025-03-15T12:00:32.229784Z,250,41.8,low,radar_detector,2025-03-15T12:00:32.229784Z
79,2025-03-15T12:00:32.287904Z,110,38.8,moderate,camera_vision,2025-03-15T12:00:32.287904Z
102,2025-03-15T12:00:32.345668Z,289,40.4,moderate,loop_detector,2025-03-15T12:00:32.345668Z
138,2025-03-15T12:00:32.404126Z,402,16.9,high,camera_vision,2025-03-15T12:00:32.404126Z
165,2025-03-15T12:00:32.464821Z,142,58.1,low,camera_vision,2025-03-15T12:00:32.464821Z
113,2025-03-15T12:00:32.521958Z,83,36.1,low,bluetooth_beacon,2025-03-15T12:00:32.521958Z
132,2025-03-15T12:00:32.580628Z,545,37.9,moderate,loop_detector,2025-03-15T12:00:32.580628Z
147,2025-03-15T12:00:32.638215Z,367,45.6,moderate,infrared_sensor,2025-03-15T12:00:32.638215Z
61,2025-03-15T12:00:32.69574Z,353,19.8,high,bluetooth_beacon,2025-03-15T12:00:32.69574Z
49,2025-03-15T12:00:32.758454Z,317,37.9,moderate,bluetooth_beacon,2025-03-15T12:00:32.758454Z
26,2025-03-15T12:00:32.819471Z,44,28.2,moderate,camera_vision,2025-03-15T12:00:32.819471Z
77,2025-03-15T12:00:32.874545Z,525,38.0,low,loop_detector,2025-03-15T12:00:32.874545Z
96,2025-03-15T12:00:32.93084Z,340,21.4,moderate,loop_detector,2025-03-15T12:00:32.93084Z
125,2025-03-15T12:00:32.987151Z,28,52.7,low,loop_detector,2025-03-15T12:00:32.987151Z
41,2025-03-15T12:00:33.042636Z,380,46.1,low,camera_vision,2025-03-15T12:00:33.042636Z
61,2025-03-15T12:00:33.100168Z,540,37.0,moderate,bluetooth_beacon,2025-03-15T12:00:33.100168Z
41,2025-03-15T12:00:33.158278Z,551,32.7,moderate,camera_vision,2025-03-15T12:00:33.158278Z
138,2025-03-15T12:00:33.214072Z,299,36.5,low,camera_vision,2025-03-15T12:00:33.214072Z
47,2025-03-15T12:00:33.270917Z,405,6.5,high,loop_detector,2025-03-15T12:00:33.270917Z
8,2025-03-15T12:00:33.328968Z,560,27.9,moderate,infrared_sensor,2025-03-15T12:00:33.328968Z
88,2025-03-15T12:00:33.384666Z,463,42.3,moderate,loop_detector,2025-03-15T12:00:33.384666Z
81,2025-03-15T12:00:33.448558Z,179,50.9,low,camera_vision,2025-03-15T12:00:33.448558Z
107,2025-03-15T12:00:33.506738Z,60,11.7,high,loop_detector,2025-03-15T12:00:33.506738Z
156,2025-03-15T12:00:33.566098Z,273,21.5,moderate,bluetooth_beacon,2025-03-15T12:00:33.566098Z
5,2025-03-15T12:00:33.625286Z,14,36.6,moderate,bluetooth_beacon,2025-03-15T12:00:33.625286Z
137,2025-03-15T12:00:33.679899Z,870,27.2,moderate,camera_vision,2025-03-15T12:00:33.679899Z
71,2025-03-15T12:00:33.740461Z,457,50.8,low,radar_detector,2025-03-15T12:00:33.740461Z
15,2025-03-15T12:00:33.801993Z,298,35.3,moderate,loop_detector,2025-03-15T12:00:33.801993Z
79,2025-03-15T12:00:33.859929Z,567,50.7,low,camera_vision,2025-03-15T12:00:33.859929Z
1,2025-03-15T12:00:33.918505Z,396,56.4,low,loop_detector,2025-03-15T12:00:33.918505Z
136,2025-03-15T12:00:33.976146Z,507,56.1,low,radar_detector,2025-03-15T12:00:33.976146Z
28,2025-03-15T12:00:34.033221Z,223,17.5,moderate,camera_vision,2025-03-15T12:00:34.033221Z
63,2025-03-15T12:00:34.090332Z,307,54.9,low,bluetooth_beacon,2025-03-15T12:00:34.090332Z
49,2025-03-15T12:00:34.152553Z,580,36.1,low,bluetooth_beacon,2025-03-15T12:00:34.152553Z
139,2025-03-15T12:00:34.208577Z,208,49.2,moderate,loop_detector,2025-03-15T12:00:34.208577Z
125,2025-03-15T12:00:34.264127Z,377,10.1,high,loop_detector,2025-03-15T12:00:34.264127Z
71,2025-03-15T12:00:34.321114Z,332,32.7,high,radar_detector,2025-03-15T12:00:34.321114Z
14,2025-03-15T12:00:34.378264Z,343,69.7,low,loop_detector,2025-03-15T12:00:34.378264Z
126,2025-03-15T12:00:34.432675Z,492,30.1,moderate,infrared_sensor,2025-03-15T12:00:34.432675Z
71,2025-03-15T12:00:34.49339Z,409,41.5,low,radar_detector,2025-03-15T12:00:34.49339Z
150,2025-03-15T12:00:34.549433Z,502,66.4,low,bluetooth_beacon,2025-03-15T12:00:34.549433Z
143,2025-03-15T12:00:34.60877Z,846,53.1,moderate,bluetooth_beacon,2025-03-15T12:00:34.60877Z
27,2025-03-15T12:00:34.664879Z,599,67.8,low,camera_vision,2025-03-15T12:00:34.664879Z
144,2025-03-15T12:00:34.718733Z,248,31.0,moderate,bluetooth_beacon,2025-03-15T12:00:34.718733Z
164,2025-03-15T12:00:34.775714Z,528,53.9,moderate,camera_vision,2025-03-15T12:00:34.775714Z
152,2025-03-15T12:00:34.829486Z,114,14.1,high,infrared_sensor,2025-03-15T12:00:34.829486Z
124,2025-03-15T12:00:34.883519Z,112,25.7,high,infrared_sensor,2025-03-15T12:00:34.883519Z
76,2025-03-15T12:00:34.939182Z,366,39.9,moderate,infrared_sensor,2025-03-15T12:00:34.939182Z
160,2025-03-15T12:00:34.995784Z,160,44.9,moderate,loop_detector,2025-03-15T12:00:34.995784Z
106,2025-03-15T12:00:35.048887Z,465,7.3,high,infrared_sensor,2025-03-15T12:00:35.048887Z
142,2025-03-15T12:00:35.101972Z,690,57.6,low,bluetooth_beacon,2025-03-15T12:00:35.101972Z
29,2025-03-15T12:00:35.154639Z,298,20.7,high,radar_detector,2025-03-15T12:00:35.154639Z
113,2025-03-15T12:00:35.209284Z,484,25.4,high,bluetooth_beacon,2025-03-15T12:00:35.209284Z
108,2025-03-15T12:00:35.265253Z,156,51.7,low,bluetooth_beacon,2025-03-15T12:00:35.265253Z
92,2025-03-15T12:00:35.322043Z,375,21.1,high,infrared_sensor,2025-03-15T12:00:35.322043Z
136,2025-03-15T12:00:35.378538Z,609,39.9,moderate,radar_detector,2025-03-15T12:00:35.378538Z
169,2025-03-15T12:00:35.439461Z,221,43.4,moderate,loop_detector,2025-03-15T12:00:35.439461Z
145,2025-03-15T12:00:35.497318Z,891,12.9,high,radar_detector,2025-03-15T12:00:35.497318Z
123,2025-03-15T12:00:35.55588Z,496,16.0,moderate,infrared_sensor,2025-03-15T12:00:35.55588Z
108,2025-03-15T12:00:35.612764Z,37,68.7,low,bluetooth_beacon,2025-03-15T12:00:35.612764Z
8,2025-03-15T12:00:35.669465Z,167,39.6,low,infrared_sensor,2025-03-15T12:00:35.669465Z
5,2025-03-15T12:00:35.72419Z,279,9.5,high,bluetooth_beacon,2025-03-15T12:00:35.72419Z
32,2025-03-15T12:00:35.780269Z,444,24.3,high,loop_detector,2025-03-15T12:00:35.780269Z
77,2025-03-15T12:00:35.837714Z,596,18.3,high,loop_detector,2025-03-15T12:00:35.837714Z
88,2025-03-15T12:00:35.895086Z,356,20.2,high,loop_detector,2025-03-15T12:00:35.895086Z
25,2025-03-15T12:00:35.97344Z,38,69.3,low,infrared_sensor,2025-03-15T12:00:35.97344Z
88,2025-03-15T12:00:36.034859Z,403,16.1,moderate,loop_detector,2025-03-15T12:00:36.034859Z
39,2025-03-15T12:00:36.092224Z,521,15.1,high,infrared_sensor,2025-03-15T12:00:36.092224Z
122,2025-03-15T12:00:36.148529Z,94,25.0,moderate,radar_detector,2025-03-15T12:00:36.148529Z
136,2025-03-15T12:00:36.205229Z,283,30.3,high,radar_detector,2025-03-15T12:00:36.205229Z
56,2025-03-15T12:00:36.261498Z,570,17.1,moderate,loop_detector,2025-03-15T12:00:36.261498Z
132,2025-03-15T12:00:36.326335Z,168,50.9,moderate,loop_detector,2025-03-15T12:00:36.326335Z
168,2025-03-15T12:00:36.384317Z,826,34.0,moderate,radar_detector,2025-03-15T12:00:36.384317Z
39,2025-03-15T12:00:36.44121Z,343,12.8,high,infrared_sensor,2025-03-15T12:00:36.44121Z
65,2025-03-15T12:00:36.497464Z,183,45.2,low,radar_detector,2025-03-15T12:00:36.497464Z
132,2025-03-15T12:00:36.555496Z,571,13.4,high,loop_detector,2025-03-15T12:00:36.555496Z
57,2025-03-15T12:00:36.613474Z,520,32.3,high,loop_detector,2025-03-15T12:00:36.613474Z
66,2025-03-15T12:00:36.671378Z,429,25.8,moderate,loop_detector,2025-03-15T12:00:36.671378Z
54,2025-03-15T12:00:36.727436Z,134,42.5,low,bluetooth_beacon,2025-03-15T12:00:36.727436Z
116,2025-03-15T12:00:36.788838Z,531,15.9,high,camera_vision,2025-03-15T12:00:36.788838Z
75,2025-03-15T12:00:36.847021Z,444,20.1,high,loop_detector,2025-03-15T12:00:36.847021Z
143,2025-03-15T12:00:36.901746Z,760,52.5,moderate,bluetooth_beacon,2025-03-15T12:00:36.901746Z
147,2025-03-15T12:00:36.958675Z,350,24.8,moderate,infrared_sensor,2025-03-15T12:00:36.958675Z
124,2025-03-15T12:00:37.019323Z,415,7.5,high,infrared_sensor,2025-03-15T12:00:37.019323Z
40,2025-03-15T12:00:37.075689Z,195,44.6,moderate,radar_detector,2025-03-15T12:00:37.075689Z
23,2025-03-15T12:00:37.133312Z,24,67.4,low,bluetooth_beacon,2025-03-15T12:00:37.133312Z
151,2025-03-15T12:00:37.190915Z,828,34.5,moderate,loop_detector,2025-03-15T12:00:37.190915Z
26,2025-03-15T12:00:37.249657Z,447,44.5,moderate,camera_vision,2025-03-15T12:00:37.249657Z
65,2025-03-15T12:00:37.305781Z,338,32.1,moderate,radar_detector,2025-03-15T12:00:37.305781Z
133,2025-03-15T12:00:37.361068Z,211,35.0,low,camera_vision,2025-03-15T12:00:37.361068Z
139,2025-03-15T12:00:37.427669Z,289,74.1,low,loop_detector,2025-03-15T12:00:37.427669Z
14,2025-03-15T12:00:37.485268Z,169,26.9,moderate,loop_detector,2025-03-15T12:00:37.485268Z
